,store,sido,gungu,address,phone
0,강남역,서울,강남구,역삼동 619-28,02 -596-1991
1,개포1호,서울,강남구,개포동 1229-18,"02 -573-5699,5499"
2,개포2호,서울,강남구,개포동 158-4,02 -5779667
3,논현1호(서울),서울,강남구,논현동 164-16,02 -540-2182
4,대치1호,서울,강남구,대치동936,02 -556-3599
5,대치2호,서울,강남구,대치동 989-4,02 -556-9963
6,도곡,서울,강남구,도곡동 416-4,02 -6494-0103
7,삼성1호,서울,강남구,삼성동 44-18,02 -515-2399
8,세곡,서울,강남구,자곡동 611,02 -2226-1991
9,압구정신사,서울,강남구,신사동 640-5 대성빌딩 1층 1호,02 -547-9945
10,역삼1호,서울,강남구,역삼동 837-15,02 -566-9942
11,일원1동,서울,강남구,일원동 645,02 -459-1006
12,일원본동,서울,강남구,수서동 747 삼성아파트 상가 104호,02 -2226-4080
13,청담역,서울,강남구,청담동 65 진흥아파트상가,"02 -515-9995,515-9975"
14,강일,서울,강동구,강일동 679-3 리슈빌오피스텔,"02 -426-6692,6696"
15,고덕1호(서울),서울,강동구,고덕동 650-1,02 -481-9503~4
16,길1호,서울,강동구,길동 347-31,02 -473-0092
17,길동역,서울,강동구,길동 388-3,02 -478-6780
18,둔촌1호,서울,강동구,둔촌동 454-5,02 -475-9295
19,명일1호,서울,강동구,명일동 328-2,02 -3426-9199
20,상일,서울,강동구,고덕동 200-3,02 -441-1991
21,상일2호,서울,강동구,구천면로 640,02 -428-9266
22,성내,서울,강동구,성내2동 509-7 1층,02 -485-9293
23,암사1호,서울,강동구,암사동 504-37,02 -426-8533
24,암사2호,서울,강동구,암사동 451-18,02 -427-9982
25,천호1호,서울,강동구,천호동 571,02 -470-9908
26,덕성여대,서울,강북구,우이동 72-133,02 -900-3123
27,미아1호,서울,강북구,미아동 561-2 현대성우아파트 상가 104호,02 -987-9280
28,미아사거리,서울,강북구,미아동 55-5,02 -984-3434
29,미아역,서울,강북구,미아동 131-8,02 -989-6288
30,번동,서울,강북구,번동 169-1,02 -981-0991
31,수유1호,서울,강북구,수유동 385-2,02 -994-8911~2
32,수유2호,서울,강북구,수유동 57-2,02 -985-1991
33,수유역점,서울,강북구,번동 461-127,02 -903-3693
34,가양,서울,강서구,등촌동 75-1,02 -3665-3433
35,강서구청,서울,강서구,화곡동 986-16,02 -2699-3999
36,까치산역,서울,강서구,화곡동 343-62 라인씨티 1층,02 -2602-1991
37,등촌,서울,강서구,등촌동 649-14,02 -2647-2328
38,마곡1호,서울,강서구,강서로 마곡동 784-11 마곡오드카운티1차 111호,02 -3662-5556
39,마곡역,서울,강서구,마곡동 774-1,02 -3664-1991
40,발산,서울,강서구,내발산동 648-15,02 -2663-6077
41,방화1호,서울,강서구,방화동 571-1,02 -2661-1990
42,방화2호,서울,강서구,방화2동 580-27,02 -2666-9559
43,염창,서울,강서구,염창동 249-5,02 -3662-9238
44,화곡2호,서울,강서구,화곡동 400-45,02 -2692-9279
45,봉천1호,서울,관악구,봉천동 861-7,02 -882-2999
46,봉천2호,서울,관악구,봉천동 1674-20,02 -882-1107
47,봉천3호,서울,관악구,봉천동 1632-9,"02 -888-2366,887-3998"
48,봉천4호,서울,관악구,봉천동 931-12,02 -884-9991
49,신림1호,서울,관악구,신림동 518-56,02 -867-1192
50,신림2호,서울,관악구,신림동 1680-15,"02 -857-9992,857-9799"
51,신림3호,서울,관악구,신림동 241-66,02 -877-3688
52,신림4호,서울,관악구,신림동 706-6,02 -851-0708
53,건대,서울,광진구,화양동 9-18,02 -462-1991
54,광장,서울,광진구,광장동 530-13,02 -453-9292
55,구의역,서울,광진구,구의동 257-70,02 -453-9995
56,자양1호,서울,광진구,자양3동 584-28,02 -452-8593~4
57,자양2호,서울,광진구,자양동 624-42,02 -458-1991
58,중곡1호,서울,광진구,중곡동 243-1,02 -446-9908
59,중곡2호,서울,광진구,중곡동 24-2,02 -453-9288
60,개봉1호,서울,구로구,개봉동 403-159,02 -2066-9244~5
61,고척1호,서울,구로구,개봉1동 126-4,02 -2060-4940
62,구로2호,서울,구로구,구로동 74-30,02 -854-1004
63,구로디지털,서울,구로구,구로동 826-1,02 -856-5542
64,남구로,서울,구로구,구로동 704-38,02 -837-1999
65,동양미래대학,서울,구로구,고척동 343,02 -2060-1991
66,신도림1호,서울,구로구,신도림동 648 신도림6차대림아파트 상가 902동 111호,02 -2675-9288
67,오류1호,서울,구로구,오류1동 10-3,02 -2060-9277
68,천왕역,서울,구로구,오류동 203-1 1층,02 -2616-1991
69,항동,서울특별시,구로구,연동로 233 102호,02 -2615-1990
70,가산디지털,서울,금천구,가산동 371-6 가산비지니스센터 2층,02 -865-0865
71,독산1호,서울,금천구,독산동 961-10,02 -868-8788
72,독산2동,서울,금천구,독산동 1059-4,02 -805-1991
73,시흥1호,서울,금천구,시흥2동 264-17,02 -806-9990 807-9990
74,시흥2호,서울,금천구,시흥1동 905-5,02 -806-9911
75,공릉1호,서울,노원구,공릉동 338-6,02 -974-3999
76,공릉2호,서울,노원구,공릉동 461-1,02 -975-9991
77,공릉3호,서울,노원구,공릉동 568-27,02 -973-3330
78,상계4단지,서울,노원구,상계동 749-5,02 -937-4785
79,상계보람,서울,노원구,상계동 456-70,02 -952-7123
80,상계역,서울,노원구,중계동 137-39,02 -933-9829
81,석계역,서울,노원구,월계1동 73-13,"02 -909-9229,5297"
82,수락산역,서울,노원구,상계동 1118,02 -936-1212
83,인덕대,서울,노원구,월계동 951 월계센트럴아이파크 상가동 101호,02 -908-1991
84,중계1호,서울,노원구,중계1동 360-9,02 -933-9992
85,중계역,서울,노원구,중계동 503,02 -978-9255
86,하계1호,서울,노원구,하계1동 251 청구상가 201동 101호,02 -976-4882
87,도봉동,서울,도봉구,도봉2동 623-163,02 -956-8892
88,방학,서울,도봉구,방학동 659-32,02 -956-7005
89,쌍문1호,서울,도봉구,방학동 263-56,02 -955-7999
90,쌍문역,서울,도봉구,쌍문3동 88-127,"02 -905-9292,9294"
91,창3동,서울,도봉구,창동 568-2,02 -999-5222
92,창동,서울,도봉구,창동 296-37,"02 -905-8292,8290"
93,경희대,서울,동대문구,회기동 42-16,02 -963-5353
94,답십리1호,서울,동대문구,답십리동 53-50,02 -2214-7782
95,서울시립대,서울,동대문구,전농동 295-5,02 -2243-1560~1
96,신이문,서울,동대문구,이문동 255-222,02 -963-9998
97,안암,서울,동대문구,제기동 142-8,02 -923-3363
98,용두,서울,동대문구,왕산로28길 55,02 -967-1991
99,장안1호,서울,동대문구,전농동 1-171,02 -2216-0092
100,장안2호,서울,동대문구,장안동 375-3,02 -2249-9599
101,청량리역,서울,동대문구,청량리동 50-14,02 -957-0001~2
102,노량진,서울,동작구,노량진동 37-1,"02 -816-8999,9959"
103,사당1호,서울,동작구,사당3동 155-2 1F,02 -3477-9945~6
104,사당3호,서울,동작구,사당동 220-119,"02 -3471-9292,9282"
105,상도,서울,동작구,상도동 535 상도2차 두산위브트레지움아파트 상가,02 -3280-1932
106,상도터널,서울,동작구,상도동 159-26,02 -815-8833
107,숭실대,서울,동작구,상도동 489-9,02 -889-2299
108,신대방,서울,동작구,신대방동 607-28,02 -846-9992
109,신대방삼거리,서울,동작구,대방동 407-46,02 -823-1991
110,흑석1호,서울,동작구,흑석동 180-6,02 -814-3377
111,도화(서울),서울,마포구,도화동 55,02 -715-9987
112,망원2동,서울,마포구,망원동 482-9,02 -3143-5575
113,상암,서울,마포구,상암동 34-45,02 -309-2500
114,성산2동,서울,마포구,성산동 592,02 -373-9909
115,신공덕,서울,마포구,신공덕동 159(신공덕 래미안상가 1동109호),02 -703-9919
116,신수,서울,마포구,신수동 451번지 세양청마루아파트 상가 101호,02 -704-6364
117,아현,서울,마포구,아현동 774 마포래미안 푸르지오 101동 상가 114호,02 -363-9993
118,연남,서울,마포구,연남동 369-20,02 -323-1997
119,용강(서울),서울,마포구,대흥동 500-10,02 -711-9993
120,홍대,서울,마포구,서교동 371-3,02 -338-1300
121,독립문,서울,서대문구,냉천동 226,02 -392-6668
122,명지대,서울,서대문구,남가좌동 344-7,02 -305-9996
123,북가좌1호,서울,서대문구,북가좌동 385-8,"02 -304-3003,3053"
124,북아현1호,서울,서대문구,북아현동 1006,02 -393-5393
125,신촌,서울,서대문구,창천동 41-14,02 -312-1991
126,연희1호(서울),서울,서대문구,연희3동 344-26,02 -334-7999
127,홍은1호,서울,서대문구,홍제동 279-52,02 -396-0111
128,홍은사거리,서울,서대문구,홍제동 326-20,02 -3216-9989
129,반포1호,서울,서초구,반포동 94-7,"02 -533-9279,9179"
130,반포삼호가든,서울,서초구,반포동 53-7,02 -591-9901
131,방배1호,서울,서초구,방배동 761-8,02 -535-1991
132,방배2호,서울,서초구,방배동 912-8,02 -523-9956
133,서초1호,서울,서초구,서초동 1357-56,02 -581-9949
134,서초2호,서울,서초구,서초동 1669-15,02 -588-9905
135,서초3호,서울,서초구,서초동 1579-5,02 -582-9233
136,양재1호,서울,서초구,양재동 327-2,02 -579-9245
137,우면,서울,서초구,우면동 720,02 -577-9288
138,잠원1호,서울,서초구,잠원동 15-4,02 -532-9992
139,금호역,서울,성동구,금호동4가 1380,02 -2296-5992
140,성수1호,서울,성동구,성수동2가 235-1,02 -464-9992
141,성수역,서울,성동구,성수동2가 289-251,02 -497-1991
142,왕십리1호,서울,성동구,하왕십리동 946-15,02 -2293-9985
143,왕십리도선,서울,성동구,홍익동 131-1,02 -2292-1991
144,용답,서울,성동구,용답동 60-18,02 -2215-1993
145,응봉,서울,성동구,응봉동 100,02 -2299-9965
146,한양대,서울,성동구,행당동 3-29,02 -2291-1992
147,길음뉴타운,서울,성북구,길음동 1284-17,02 -909-1997
148,동덕여대,서울,성북구,하월곡동 17-1,02 -913-8292
149,동소문,서울,성북구,동선동5가 147-13,02 -953-9922
150,보문,서울,성북구,보문동7가 99,02 -921-3292
151,석관장위,서울,성북구,장위동 50-46,02 -918-9925
152,정릉1호,서울,성북구,정릉동 285-11,"02 -909-3311,9282"
153,정릉2호,서울,성북구,정릉동 175-24,02 -912-1333
154,종암,서울,성북구,종암동 3-544,02 -921-1112
155,한성대,서울,성북구,동소문동3가 31,02 -928-7003
156,가락2호,서울,송파구,가락동 75-7,"02 -448-9005,9045"
157,거여가락1호,서울,송파구,가락동 180-9,02 -406-9282
158,마천1호,서울,송파구,거여동 32-6,02 -404-9907~8
159,문정법조,서울,송파구,문정동 620 송파푸르지오시티 B09호,02 -3012-1992
160,방이2호,서울,송파구,방이동 59-1,02 -420-0495
161,방이역,서울,송파구,오금동 41-23 성암빌딩 1층,"02 -418-9599,9569"
162,석촌,서울,송파구,석촌동 163-1,02 -412-0799
163,송파1호,서울,송파구,송파동 147,02 -418-8892
164,올림픽공원,서울,송파구,풍납동 401-4,02 -478-5844~5
165,위례송파,서울,송파구,장지동 897,02 -2043-1991
166,잠실1호,서울,송파구,잠실동 177-3,02 -416-9939
167,잠실2호,서울,송파구,신천동 11-4,02 -417-9225
168,장지,서울,송파구,문정동 102-1,"02 -403-9225,9222"
169,헬리오시티,서울,송파구,가락동 913 헬리오시티 상가 3A동 01호,02 -406-1991
170,목3동,서울,양천구,목동 722-8 호성빌딩,02 -2655-0027
171,목동1호,서울,양천구,목동 797-3,02 -2645-9925
172,목동2호,서울,양천구,목동 909-8 이화프라자 1층 101호,"02 -2643-9339,2643-9329"
173,목동오거리,서울,양천구,목동 940 현대아이파크상가 102,02 -2647-0092
174,목동파크자이,서울,양천구,신정동 171-68,02 -2039-0447
175,신월1호,서울,양천구,신월동 602-8,02 -2606-1992
176,신월2호,서울,양천구,신월7동 972-6,02 -2697-7272
177,신월사거리,서울,양천구,신월동 166-5,02 -2601-9992
178,신정1호,서울,양천구,신정동 1022-5,02 -2649-9282
179,신트리,서울,양천구,신정동 1267 목동뉴프라자,02 -2605-7892
180,오목교,서울,양천구,신정동 1296 아이파크 상가 1층,02 -2654-0833
181,화곡1호,서울,양천구,신월동 23-17,02 -2606-9961~2
182,당산,서울,영등포구,영등포동8가 35-1,02 -2672-9995
183,대림2호,서울,영등포구,대림동 783-1,02 -847-9939
184,문래,서울,영등포구,문래동3가 77-34,02 -2672-7676
185,선유도역,서울,영등포구,양평동4가 147-3,02 -2069-1991
186,신길1호,서울,영등포구,신길동 296-14,02 -833-6016
187,신길2호,서울,영등포구,신길7동 674,02 -849-0033
188,신풍역,서울,영등포구,신길동 445-2,02 -835-1223
189,여의도,서울,영등포구,여의도동 44-31,02 -769-1555
190,영등포1호,서울,영등포구,신길동 232-42,02 -841-7282
191,영등포역,서울,영등포구,영등포동3가 21-10,02 -2632-1992
192,동부이촌,서울,용산구,이촌1동 301-153 오성상가 103,02 -795-4747
193,보광,서울,용산구,보광동 217-13,02 -3785-1991
194,숙대,서울,용산구,청파동2가 90-11,02 -707-2577
195,신용산역,서울,용산구,한강로2가 122-5,02 -792-8722
196,용문,서울,용산구,용문동 28-26,02 -702-2858
197,후암,서울,용산구,후암동 244-59,02 -757-3535
198,구산역,서울,은평구,갈현동 464-14,02 -352-9949
199,녹번,서울,은평구,녹번동 82-47,02 -359-9200
200,대조,서울특별시,은평구,대조동 231,02 -355-6173~4
201,불광1동,서울,은평구,불광동 554-1 라비앙프라자1층 101호,02 -354-8592
202,신사1동,서울,은평구,신사동 29-13,02 -375-8295
203,역촌1호,서울,은평구,역촌동 55-1,02 -356-4326~7
204,연신내,서울,은평구,불광동 484-72,02 -382-1990
205,은평뉴타운,서울,은평구,진관동 22 은평뉴타운상가 914-103호,02 -359-9288
206,응암1동,서울,은평구,응암동 236-33,02 -389-9327
207,응암오거리,서울,은평구,응암동 595-51,02 -303-6882
208,증산(서울),서울,은평구,증산동 209-18,02 -376-9999
209,대학로,서울,종로구,명륜동4가 113-1,02 -3672-9292
210,숭인,서울,종로구,숭인2동 183-13,02 -765-5800
211,안국,서울,종로구,화동 138-7,02 -734-9992
212,종로1호,서울,종로구,관철동 13-13,02 -737-9292
213,평창,서울,종로구,평창동 158-1,02 -396-7942
214,동대문1호,서울,중구,창신동 464-6,02 -2231-9337
215,서울시청,서울,중구,태평로2가 55,02 -318-1992
216,신당1호,서울,중구,신당동 846,02 -2237-9952~3
217,약수,서울,중구,신당동 374-14,02 -2233-9917
218,망우본동,서울,중랑구,망우동 251-2,02 -433-1993
219,면목1호,서울,중랑구,면목동 103-6,02 -494-9962~3
220,면목2호,서울,중랑구,면목2동 191-126,"02 -494-6282,496-6282"
221,묵동,서울,중랑구,묵동 175-2,02 -948-1992
222,사가정역,서울,중랑구,면목동 496-14,02 -2207-6543
223,상봉1호,서울,중랑구,상봉동 91-1,"02 -491-9738, 9"
224,신내1호,서울,중랑구,신내동 797,02 -2209-9980
225,중화,서울,중랑구,중화동 304-34,02 -433-1992
226,국제신도시,부산,강서구,명지동 3412-6,051-291-9993
227,명지법원네오,부산,강서구,명지동 3432-1 2동 102호,051-201-1991
228,명지신도시,부산,강서구,명지동 3256-5,051-271-7725
229,신호,부산,강서구,신호동 317-15,051-941-9207
230,지사,부산,강서구,지사동 1191-5,051-831-6880
231,구서1호,부산,금정구,구서2동 1024-1,051-516-8600
232,구서역,부산,금정구,구서동 457-23,051-583-2661
233,남산1호,부산,금정구,남산동 99-6,"051-581-9968,9264"
234,부곡1호,부산,금정구,부곡동 23-15,051-517-3009
235,부곡2호,부산,금정구,부곡1동 324-20,051-516-0111
236,부산대,부산,금정구,금강로 장전동 418-13,051-582-8588
237,서동1호,부산,금정구,서동 210-6,051-526-8292
238,장전1호,부산,금정구,장전동 134-19,051-514-8200
239,기장,부산,기장군,기장읍 동부리 134-2,051-722-9945
240,일광신도시,부산,기장군,일광면 삼성리 833-4,051-721-9400
241,정관1호,부산,기장군,정관읍 매학리 751-1,051-728-9233
242,정관2호,부산,기장군,모전리 747-7,051-728-5399
243,대연1호,부산,남구,대연동 1013-8,051-639-9292
244,대연2호,부산,남구,대연동 52-7,051-621-4800
245,대연3호,부산,남구,대연동 1161-9,051-622-1991
246,메트로시티1호,부산,남구,용호동 176-30,051-625-8900
247,못골,부산,남구,대연동 1543-33,051-637-7733
248,문현1호,부산,남구,문현동 359-5,051-634-8292
249,문현2호,부산,남구,문현1동 127-56,051-646-5592
250,용호1호,부산,남구,용호동 555-19,051-626-3999
251,용호2호,부산,남구,동명로 126,051-715-7542
252,용호2호,부산,남구,용호동 396-1,051-715-7542
253,범일1호,부산,동구,범일동 833-2,051-642-8558
254,수정1호,부산,동구,수정동 844-25,051-469-8880
255,초량,부산,동구,초량동 132-1,051-441-9994
256,명륜(부산),부산,동래구,명륜1동 673-9,051-555-9224
257,명장1호,부산,동래구,명장동 26-24번지 국제아파트 상가 106호,"051-525-9233,9345"
258,복천,부산,동래구,복천동 476-1,"051-555-8592,556-8592"
259,사직1호(부산),부산,동래구,사직동 137-26,051-505-9289
260,사직2호,부산,동래구,사직동 89-16,051-501-9995
261,수안,부산,동래구,수안동 192-4,051-557-1990
262,안락2호,부산,동래구,안락동 670-13,051-526-7171
263,온천1호,부산,동래구,온천동 210-46,"051-555-2016,2017"
264,온천2호,부산,동래구,온천동 1411-47,051-506-4949
265,우방신세계,부산,동래구,안락동 471-41,051-521-8477~8
266,가야,부산,부산진구,가야동 478,051-894-9909
267,개금1호,부산,부산진구,개금동 2-1,"051-894-6071,6072"
268,개금2호,부산,부산진구,개금동 523-17,051-894-8292
269,당감,부산,부산진구,당감동 367-2,"051-891-9979,9980"
270,범천,부산,부산진구,범천동 1278-11,051-637-9982
271,부암1호,부산,부산진구,부암동 301-33,051-808-6060
272,서면,부산,부산진구,부전동 266-24,051-808-9981
273,양정,부산,부산진구,양정동 310-6,051-853-5458
274,연지,부산,부산진구,연지동 40-12,051-807-7701~2
275,전포1호,부산,부산진구,전포동 337-20,051-808-5592
276,초읍대공원,부산,부산진구,초읍동 288-6,"051-807-3492,3498"
277,구포1호,부산,북구,구포3동 1228-1,"051-363-9992,5793"
278,구포2호,부산,북구,구포동 932-35,051-341-1992
279,금곡(부산),부산,북구,금곡동 57-6,051-365-1991
280,덕천2호,부산,북구,덕천3동 781-2,"051-331-3179,343-3171"
281,덕천역,부산,북구,덕천동 402-12,051-336-1991
282,만덕1호,부산,북구,만덕동 294,051-341-7771
283,만덕2호,부산,북구,만덕3동 915-6,051-337-4300
284,화명1호,부산,북구,화명동 749,051-338-9933
285,화명3호,부산,북구,화명동 182-5(2층),051-362-7770
286,화명신도시,부산,북구,화명동 2266-1,051-342-9282
287,괘법,부산,사상구,괘법동 516-1,051-325-0090
288,덕포,부산,사상구,덕포동 767-10,051-303-5592
289,동서대,부산,사상구,주례동 55-176,051-325-2827
290,모라,부산,사상구,모라동 1349-4,051-322-9998
291,신주례,부산,사상구,주례2동 3-17,"051-315-9977,324-2626"
292,엄궁,부산,사상구,엄궁동 40-94,"051-311-7599,7598"
293,학장,부산,사상구,학장동 산149-16,051-313-9925
294,괴정1호,부산,사하구,괴정동 487-24,051-202-9951
295,다대1호,부산,사하구,다대동 926-7,051-265-4446
296,다대2호,부산,사하구,다대동 1014,051-266-8806
297,당리괴정2호,부산,사하구,괴정동 577-42,051-207-9242
298,신평1호,부산,사하구,신평동 262-20,051-294-8853~4
299,장림,부산,사하구,장림동 590,051-266-1182
300,하단1호,부산,사하구,하단2동 506-15,051-202-4780~1
301,하단2호,부산,사하구,하단동 605-42,051-292-8592
302,국제신도시,부산,강서구,명지동 3412-6,051-291-9993
303,남부민,부산,서구,충무동2가 3-1,051-247-9282
304,대신,부산,서구,서대신동1가 163-1,051-231-9992~3
305,명지법원네오,부산,강서구,명지동 3432-1 2동 102호,051-201-1991
306,명지신도시,부산,강서구,명지동 3256-5,051-271-7725
307,송도감천,부산,서구,"암남동 64-2 상가동 108호,109호(암남동)",051-231-9292
308,신호,부산,강서구,신호동 317-15,051-941-9207
309,아미부민,부산,서구,부민동1가 11-3,051-242-3651
310,지사,부산,강서구,지사동 1191-5,051-831-6880
311,광안1호,부산,수영구,광안동 120-13,051-754-9210
312,광안2호,부산,수영구,광안동 168-3,"051-754-2092,756-2092"
313,망미1호,부산,수영구,망미동 413-11,051-759-9925
314,민락(부산),부산,수영구,민락동 165-15,051-757-9294
315,수영,부산,수영구,수영동 503-23,051-761-4992
316,거제법조,부산,연제구,거제동 891-14,051-505-5511
317,시청(부산),부산,연제구,거제3동 34-19,051-851-9945
318,연산1호,부산,연제구,연산동 479-9,051-757-3532
319,연산2호,부산,연제구,연산4동 578-1 삼익아파트 상가 101호,051-853-9980~1
320,연산3호,부산,연제구,연산동 2133-48,051-851-7211~2
321,대교남항,부산,영도구,남항동1가 82,051-417-9999
322,동삼,부산,영도구,동삼동 219-146,051-405-9995
323,봉래영선,부산,영도구,"영선동1가 69-2, 69-3",051-417-9288
324,청학,부산,영도구,청학동 13-14,051-417-9996
325,남포부평,부산,중구,중앙동1가 23-6,051-253-7942
326,영주대청,부산,중구,대청동4가 82-13,051-441-4942
327,마린시티,부산,해운대구,우동 1434-2,051-731-1929
328,반송(부산),부산,해운대구,반송2동 216-150,051-545-9289
329,반여1호,부산,해운대구,반여동 1628-5,"051-524-1991,1221"
330,센텀파크,부산,해운대구,센텀동로 102 117호,051-781-7999
331,송정(부산),부산,해운대구,송정동 227-7,051-702-5006
332,우동1호,부산,해운대구,우동 1090-13,051-744-2474~5
333,재송1호,부산,해운대구,반여동 1291-1019,051-782-9989
334,재송2호,부산,해운대구,재송동 1083-10,051-784-9992
335,좌동1호,부산,해운대구,좌동 970,051-703-9917
336,좌동2호,부산,해운대구,좌동 1341-8,051-743-1995
337,좌동3호,부산,해운대구,좌동 1484-1,"051-704-9399,9599"
338,해운대역,부산,해운대구,우동 639-4,051-746-9288
339,계명,대구시,남구,양지로 107,053-626-9992
340,대명1호,대구,남구,대명동 1098-4,053-629-9994
341,봉덕,대구,남구,봉덕동 687-32,053-471-1222
342,앞산,대구,남구,대명동 336-11,053-657-9999
343,이천대봉,대구,남구,이천동 184-9,053-476-5800
344,감삼성당,대구,달서구,감삼동 317-3,"053-552-6999,622-9995"
345,대곡,대구,달서구,도원동 1442-2 1층 107호,053-635-3599
346,대곡2지구,대구,달서구,대곡동 1068,053-637-7556
347,두류,대구,달서구,두류동 620-12,053-525-1202
348,상인,대구,달서구,상인동 1555-1,053-637-6999
349,성서,대구,달서구,신당동 1761-5,053-583-6969
350,송현(대구),대구,달서구,송현1동 207-2,053-656-9945
351,신월성,대구,달서구,월성동 1264번지 트럼프스타 B/D 106호,053-634-9996
352,용산,대구,달서구,용산동 950-1,"053-524-4999,8"
353,용산새방,대구,달서구,용산동 499-2,053-592-6999
354,월성,대구,달서구,본동 1135-4,053-571-9992
355,장기,대구,달서구,장기동 826-6,"053-523-0111, 0222"
356,진천(대구),대구,달서구,진천동 504,053-635-9992
357,호산파호,대구,달서구,호산동 357-116,053-592-5924
358,구지,대구,달성군,구지면 응암리 1204-2,053-615-2992
359,논공,대구,달성군,논공읍 북리 803-148,053-615-9945
360,다사,대구,달성군,다사읍 죽곡리 809-1,053-592-9991
361,명곡,대구,달성군,화원읍 명곡리 320-1,053-644-2999
362,서재세천,대구,달성군,다사읍 서재리 423-15,053-593-9902
363,옥포(대구),대구,달성군,옥포읍 교항리 2911,053-625-1991
364,테크노폴리스,대구,달성군,유가면 봉리 606 하이젠스타 115호,053-617-1991
365,화원,대구,달성군,화원읍 천내리 241-1,053-635-9981
366,대구혁신,대구,동구,각산동 1098-5 102호,053-955-1991
367,동구청,대구,동구,신암동 345-3,053-959-9950
368,동촌,대구,동구,검사동 1111,053-984-1999
369,동호,대구,동구,동호동 384-7,053-963-8558
370,방촌,대구,동구,방촌동 1118-121,053-983-3993
371,신천1호(대구),대구,동구,신천동 501-5,053-742-9985
372,신천2호,대구,동구,신청동 377-12,"053-741-9010,745-5363"
373,율하(대구),대구,동구,율하동 1311번지 102호,053-964-3347
374,이시아,대구,동구,봉무동 1543,053-755-9922
375,지묘,대구,동구,지묘동 808-3,053-985-1003
376,지저불로,대구,동구,지저동 833-15,053-981-5770
377,관음,대구,북구,관음동 1383-9,053-326-9998
378,구암,대구,북구,태전동 1074-6,"053-322-5844,323-9969"
379,금호지구,대구,북구,사수동 912,053-312-1990
380,도남지구,대구,북구,국우동 592-1,053-323-1991
381,동서변,대구,북구,동변동 669-4,053-958-9991
382,동천3지구,대구,북구,동천동 906-3,"053-321-0900,6551"
383,복현1호,대구,북구,복현동 426-5,053-953-3399
384,복현2호,대구,북구,복현동 539 -110 복현서한타운 상가 103호,053-383-9970
385,산격,대구,북구,산격동 1400-20,"053-383-1203, 1102"
386,신암대현,대구,북구,대현동 153-4,053-952-9992
387,연경,대구,북구,연경동 949-1,053-982-9292
388,원대노원,대구,북구,노원동3가 892-1,053-355-3306
389,읍내(대구),대구,북구,읍내동 1449 202동 103호,053-312-4499
390,칠성고성,대구,북구,칠성동2가 42-9,053-353-9400
391,침산,대구,북구,침산동 457-31,"053-356-9995,9905"
392,태전(대구),대구,북구,태전동 155-35,053-312-9980
393,팔달매천,대구,북구,매천동 682,"053-311-9910,9920"
394,학정,대구,북구,학정동 282-14,053-321-1991
395,감삼성당,대구,달서구,감삼동 317-3,"053-552-6999,622-9995"
396,내당,대구,서구,내당동 219-7,"053-522-9199, 555-9981"
397,달성비산,대구,서구,비산동 440-5,053-551-9925
398,대곡,대구,달서구,도원동 1442-2 1층 107호,053-635-3599
399,대곡2지구,대구,달서구,대곡동 1068,053-637-7556
400,두류,대구,달서구,두류동 620-12,053-525-1202
401,상인,대구,달서구,상인동 1555-1,053-637-6999
402,성서,대구,달서구,신당동 1761-5,053-583-6969
403,송현(대구),대구,달서구,송현1동 207-2,053-656-9945
404,신월성,대구,달서구,월성동 1264번지 트럼프스타 B/D 106호,053-634-9996
405,용산,대구,달서구,용산동 950-1,"053-524-4999,8"
406,용산새방,대구,달서구,용산동 499-2,053-592-6999
407,월성,대구,달서구,본동 1135-4,053-571-9992
408,장기,대구,달서구,장기동 826-6,"053-523-0111, 0222"
409,진천(대구),대구,달서구,진천동 504,053-635-9992
410,평리,대구,서구,평리동 1217-2,053-556-9989
411,호산파호,대구,달서구,호산동 357-116,053-592-5924
412,만촌1호,대구,수성구,만촌동 849-2,053-745-7123
413,만촌2호,대구,수성구,만촌1동 1326-32,053-755-8592~1
414,범물,대구,수성구,범물동 1374-4,053-782-6464
415,범어1호,대구,수성구,범어동 203-18,053-742-9912
416,범어2호,대구,수성구,범어동 478-12,053-752-1991
417,수성(대구),대구,수성구,수성동4가 1022-11,053-743-3993
418,시지1호,대구,수성구,매호동 1328-12,"053-792-9981,9927"
419,시지2호,대구,수성구,시지동 489-2,053-792-7729
420,시지3호,대구,수성구,신매동 593-4,053-791-8225
421,중동,대구,수성구,중동 258-3,053-765-9901~2
422,파동,대구,수성구,상동 380-2,"053-761-5901, 766-5419"
423,황금,대구,수성구,황금동 843-1,053-765-6999
424,남산,대구,중구,남산동 94-25,"053-255-9982,3"
425,중앙(대구),대구,중구,남일동 33-9,053-425-9919
426,강화,인천,강화군,강화읍 갑곳리 199-1,032-933-3244
427,계산1호,인천,계양구,계산동 1081-10,032-555-9980
428,계산2호,인천,계양구,계산동 61-2,032-551-5592
429,계산3호,인천,계양구,계산동 942-30,032-553-9289
430,임학박촌,인천,계양구,박촌동 52-3,"032-553-3999,556-3999"
431,작전1호,인천,계양구,작전동 149-1,032-547-8933
432,효성1호,인천,계양구,"효성1동 21-11 현대아파트 상가동 101호, 102호, 103호",032-544-6711~2
433,효성2호,인천,계양구,효성2동 273-3,032-542-9244
434,관교,인천,남구,관교동 321-5,032-441-9994~5
435,용현2동,인천,남구,용현동 558-32,032-889-1400
436,용현5동,인천,남구,용현동 630-45,032-888-9191
437,주안1호,인천,남구,주안동 1523-2,032-428-9592~3
438,주안2호,인천,남구,도화동 432-2,032-863-1991
439,주안3호,인천,남구,주안동 929-11,032-427-8892
440,학익1호,인천,남구,학익동 293-37,032-863-6363~4
441,간석1호,인천,남동구,구월동 70-80,"032-432-6765,6764"
442,구월,인천,남동구,구월동 1133-13,032-433-3232
443,구월아시아드,인천,남동구,구월동 1517-2,032-214-1991
444,논현1호(인천),인천,남동구,논현동 620-8,032-434-0096
445,논현에코메트로,인천,남동구,논현동 752-1,032-437-1991
446,만수1호,인천,남동구,만수동 1045 103호,032-461-7600
447,만수2호,인천,남동구,만수동 1118-2,032-469-1848
448,만수3호,인천,남동구,간석3동 921-14,032-461-9999
449,만수역,인천,남동구,만수동 886-35,032-471-8292
450,서창,인천,남동구,서창동 706,032-467-1991
451,소래포구,인천,남동구,논현동 671-3,032-439-0333
452,간석1호,인천,남동구,구월동 70-80,"032-432-6765,6764"
453,구월,인천,남동구,구월동 1133-13,032-433-3232
454,구월아시아드,인천,남동구,구월동 1517-2,032-214-1991
455,논현1호(인천),인천,남동구,논현동 620-8,032-434-0096
456,논현에코메트로,인천,남동구,논현동 752-1,032-437-1991
457,만수1호,인천,남동구,만수동 1045 103호,032-461-7600
458,만수2호,인천,남동구,만수동 1118-2,032-469-1848
459,만수3호,인천,남동구,간석3동 921-14,032-461-9999
460,만수역,인천,남동구,만수동 886-35,032-471-8292
461,서창,인천,남동구,서창동 706,032-467-1991
462,소래포구,인천,남동구,논현동 671-3,032-439-0333
463,송현(인천),인천,동구,송림동 234-1,032-765-8338
464,갈산삼산지구,인천,부평구,갈산동 55-8,032-525-1991
465,부개3동,인천,부평구,부개동 12-176,"032-521-9982,513-9982"
466,부평1호,인천,부평구,부평동 451-30,032-525-9982
467,부평2호,인천,부평구,부평동 889-8,032-518-9800
468,부평역,인천,부평구,부평동 192-14,032-503-1991
469,산곡1호,인천,부평구,산곡동 369-270,032-508-9001~2
470,산곡2호,인천,부평구,청천동 259-15,032-244-2626
471,산곡3호,인천,부평구,산곡2동 251-1,032-508-8892
472,삼산(부평),인천,부평구,삼산동 433-1,050-8389-8917
473,십정1호,인천,부평구,십정동 440-11,032-437-8989
474,청천,인천,부평구,청천동 14-8,032-501-1991
475,가정루원시티,인천,서구,가정동 614-14,032-564-1990
476,가좌,인천,서구,가좌동 30-78,032-579-9989
477,검단1호,인천,서구,검단로 왕길동 637-1,032-561-9772
478,검단신도시1호,인천,서구,이음5로 34,032-298-9292
479,검암,인천,서구,검암동 626-2번지 태건프라자 105호,032-568-2313
480,당하,인천,서구,마전동 585,032-568-9949
481,불로원당,인천,서구,당하동 1033-3 조이빌 103,"032-564-9994,2113"
482,석남가정,인천,서구,가정동 505-4,032-578-9988
483,연희1호(인천),인천,서구,심곡동 257-15,032-567-0092
484,청라호수공원,인천,서구,청라동 152-15,032-568-1991
485,동춘,인천,연수구,동춘동 934-1,032-815-9114
486,선학연수3호,인천,연수구,선학동 406-2,032-815-3993
487,송도1호,인천,연수구,송도동 21-59 302동 102호,032-858-8883
488,송도8공구,인천,연수구,송도동 316,032-858-1991
489,송도드림시티,인천,연수구,송도동 3-2,032-505-1991
490,송도캠퍼스타운,인천,연수구,송도동 155(송도아메리칸타운파크),032-811-2019
491,연수중앙,인천,연수구,연수동 626,032-821-9945
492,옥련,인천,연수구,옥련동 194-4,032-833-9949
493,공항신도시,인천,중구,운서동 2801-3,032-746-5810~1
494,영종하늘도시,인천,중구,중산동 1884-4,032-751-8933
495,운서,인천,중구,운서동 2913-3,032-747-1997
496,선운지구,광주,광산구,선암동 777,062-945-1991
497,소촌우산,광주,광산구,소촌동 244-6,062-942-1200
498,송정1호,광주,광산구,도산동 1143,062-944-9992
499,수완1호,광주,광산구,장덕동 1479번지 1층,062-956-1991
500,수완2호,광주,광산구,수완동 1126,062-961-9299
501,신가,광주,광산구,신가동 974-6,062-956-6662
502,신창,광주,광산구,신창동 1236-1,062-962-9282
503,운남1호,광주,광산구,월곡2동 683-1,062-952-9930~1
504,첨단1호,광주,광산구,산월동 884-2,062-973-8892~3
505,첨단2호,광주,광산구,쌍암동 655-4번지,062-973-1292~3
506,첨단중앙,광주,광산구,월계동 887-3,062-971-8585
507,하남1호,광주,광산구,산정동 977-13,062-951-9944
508,하남2지구,광주,광산구,산정동 1039,062-962-1122
509,노대효천,광주,남구,노대동 819,062-651-1991
510,백운,광주,남구,서동 71-15,062-652-9989
511,봉선1호,광주,남구,주월1동 1253-4,062-654-9994
512,봉선2호,광주,남구,봉선동 164-1,062-655-9945
513,주월,광주,남구,월산동 1034-17,062-676-9555
514,진월,광주,남구,진월동 426-1,"062-672-9292,"
515,계림,광주,동구,대인동 319-6,062-222-8599
516,조선대,광주,동구,지산동 500번지,062-234-9933
517,학동,광주,동구,학동 735-16,"062-236-0082,0092"
518,두암1호,광주,북구,두암2동 826-50,062-266-9997
519,매곡,광주,북구,매곡동 334-5,062-574-0207
520,문흥1호,광주,북구,문흥동 980-15,"062-269-9990,264-9990"
521,양산1호,광주,북구,양산동 877-1 1층,062-576-9296
522,연제,광주,북구,연제동 41-3,062-571-8292
523,오치,광주,북구,오치동 785-4,062-262-1991
524,운암1호,광주,북구,운암3동 1051-5,062-529-9993~4
525,운암2호(광주),광주,북구,운암동 운암동 130-1,062-511-9992
526,일곡1호,광주,북구,일곡동 834-11,"062-573-7892,572-7893"
527,전남대,광주,북구,용봉동 157-20,062-262-9993
528,첨단신용,광주,북구,신용동 693,062-575-1200
529,금호,광주,서구,쌍촌동 881번지,062-382-1991
530,농성1호,광주,서구,화정동 178-128,062-351-0807
531,동천(광주),광주,서구,동천동 598,062-515-9966
532,마재,광주,서구,"금호동 813 대주파크빌상가 124동 114호, 115호",062-682-8800
533,상무1호,광주,서구,치평동 1258,062-376-9901
534,쌍촌1호,광주,서구,쌍촌동 147,062-383-9945~6
535,풍암1호,광주,서구,풍암동 1111-2,062-681-3999
536,화정1호(광주),광주,서구,화정동 824-16,062-384-8292
537,화정2호,광주,서구,"농성동 666-1 1층 113,114호",062-351-9288
538,법동,대전,대덕구,중리동 385-26,042-633-8292
539,송촌1호,대전,대덕구,송촌동 454-4,042-621-9292
540,신탄진,대전,대덕구,석봉동 309-1,042-932-9901
541,한남대,대전,대덕구,한남로 오정동 223-260,042-632-1991
542,가오천동,대전,동구,가오동 235-12,042-282-9280
543,낭월,대전,동구,낭월동 370,042-273-9772
544,비래,대전,동구,가양동 88-1 조일아파트상가 A동,042-633-1991
545,용운,대전,동구,용운동 306-3,"042-272-9030,9040"
546,자양대동,대전,동구,대동 192-1,042-627-9996
547,가장내동,대전,서구,가장동 50-45,042-523-4567
548,갈마1호,대전,서구,갈마동 394-29,042-523-7702
549,관저느리울,대전,서구,관저동 1354,"042-543-8592,8599"
550,도마1호,대전,서구,도마동 114-19,042-538-5550
551,도안2지구,대전,서구,가수원동 1036,042-542-1991
552,둔산1호,대전,서구,둔산2동 1093,"042-483-9979,486-9949"
553,둔산2호,대전,서구,둔산동 1851,042-488-5234
554,만년,대전,서구,만년동 316,042-484-9945
555,복수,대전,서구,복수동 622,042-581-9905
556,월평1호,대전,서구,월평동 525,042-472-5670
557,탄방,대전,서구,탄방동 1007,042-484-9333
558,관저1호,대전,유성구,원내동 829 외 1필지,042-542-6999
559,관평,대전,유성구,관평동 1056,042-933-9889
560,노은1지구,대전,유성구,노은동 553-9 스타돔 120호,042-823 - 2255
561,노은2지구,대전,유성구,지족동 985-2,042-824-9985
562,도안1지구,대전,유성구,상대동 469-9,042-824-1992
563,송강,대전,유성구,봉산동 198-13,"042-933-9240,9250"
564,신성,대전,유성구,신성동 137-15,042-861-0670
565,유성,대전,유성구,봉명동 621-1,042-824-9296~7
566,전민,대전,유성구,문지동 635-8,042-863-7292
567,한밭대,대전,유성구,덕명동 592-6,042-822-1991
568,대사부사,대전,중구,대사동 69-53,042-254-9777
569,대흥,대전,중구,대흥동 204-3,042-223-1991
570,문화1호,대전,중구,문화동 466-16,"042-585-7749,7757"
571,용두오류,대전,중구,오류동 153-27,042-221-9981
572,중촌목동,대전,중구,중촌동 12-5,042-221-9992
573,태평1호,대전,중구,유천동 326-13,042-524-1992
574,공업탑,울산,남구,신정동 1224-9,052-266-9245
575,달동,울산,남구,달동 135-2,052-276-9911
576,무거1호,울산,남구,무거동 1484-2,052-223-2122
577,삼산(울산),울산,남구,달동 1266-9,052-261-1992
578,삼산2호,울산,남구,삼산동 203-15,052-256-5292
579,수암,울산,남구,야음동 692-6,052-265-9293
580,신정3동(구 신정3호점),울산,남구,신정3동 177-1,052-272-9902
581,야음1호,울산,남구,야음동 715-3,052-266-9978
582,야음2호,울산,남구,야음1동 455-8,052-267-9982
583,옥동(울산),울산,남구,옥동 584-11,052-275-7727
584,울대,울산,남구,무거동 623-6,052-249-1236
585,남목서부,울산,동구,서부동 113-33,"052-232-8992, 8997"
586,방어,울산,동구,방어동 1087-9,052-201-9905~6
587,전하,울산,동구,전하2동 634-4,052-201-8992
588,화정,울산,동구,일산동 581-36,052-201-9191
589,강동산하,울산,북구,산하동 89,052-292-1991
590,송정지구,울산,북구,송정동 407,052-244-5555
591,양정염포,울산,북구,양정동 497-11,052-287-1112
592,진장명촌,울산,북구,명촌동 692-3,052-252-1991
593,호계1호(울산),울산,북구,호계동 286-15,052-295-9945
594,호계2호,울산,북구,신천동 107-4,052-282-5151
595,화봉,울산,북구,연암동 414-3,052-289-8992
596,교동(울산),울산,울주군,삼남면 교동리 1578-1,052-263-0001
597,구영,울산,울주군,범서읍 구영리 801-6,052-244-9948
598,남창,울산,울주군,온양읍 대안리 179-10,052-238-3999
599,덕신,울산,울주군,덕신리 1294-2,052-238-8554
600,덕하,울산,울주군,상남리 818-17,052-271-4949
601,언양,울산,울주군,언양읍 남부리 256-2,052-254-5511
602,웅촌,울산,울주군,청량면 삼정리 755-1 가동 216호,052-277-9288
603,천상,울산,울주군,범서읍 천상리 650-5,052-248-1991
604,다운,울산,중구,다운동 536-1,052-249-4080
605,반구1호,울산,중구,반구동 874-3,052-293-9909
606,반구2호,울산,중구,반구동 99-17,052-291-3112~3
607,복산,울산,중구,복산동 399-12,052-292-0092
608,성안,울산,중구,성안동 804-10,052-248-3300
609,약사병영,울산,중구,약사동 629-17,052-294-9222
610,옥교,울산,중구,학산동 3-27,052-246-9294
611,우정,울산,중구,우정동 436-41,"052-246-5555,9292"
612,우정혁신,울산,중구,유곡동 473-8,052-212-8787
613,태화,울산,중구,태화동 117-2,052-221-0087
614,한솔,세종,한솔동,927,044-867-1991
615,도담,세종,도담동,655 해피라움7동,044-866-1119
616,세종아름,세종,아름동,1363,044-864-1994
617,보람,세종시,보람동,628-4,044-866-9979
618,고운,세종,고운동,1718,044-867-4991
619,조치원1호,세종,조치원읍,죽림리 21-1 삼일아파트 상가 109호,041-866-5163
620,다정,세종특별자치시,다정동,363-10,044-866-5655
621,가평,경기,가평군,가평읍 대곡리 168-5,031-581-9945
622,청평,경기,가평군,청평면 청평리 452-5,031-585-9282
623,현리,경기,가평군,하면 현리 259-7,031-584-9225
624,고양동,경기,고양시,덕양구 고양동 176-8 104호,031-963-1381
625,삼송,경기도,고양시,덕양구 신원동 626-1 1층 상가 5~6호,02 -381-1991
626,원당,경기,고양시,덕양구 성사동 519-2,031-965-3210
627,원흥,경기,고양시,덕양구 도내동 966,031-962-1992
628,행신1호,경기,고양시,덕양구 행신동 995-2,031-971-9599
629,행신역,경기,고양시,덕양구 행신동 708-3,031-971-9909
630,향동지구,경기,고양시,덕양구 향동동 460-6,02 -3159-1991
631,화정1호(고양),경기,고양시,덕양구 화정동 906-5 1층 102호,031-967-8852
632,화정역,경기,고양시,덕양구 화정동 979-2,031-978-1991
633,강선,경기,고양시,일산동구 정발산동 687-5,031-911-9980
634,밤가시후곡,경기,고양시,일산동구 정발산동 1093,031-924-9292
635,백마강촌,경기,고양시,일산동구 마두동 753-3,031-903-6886
636,백송,경기,고양시,일산동구 백석동 1225 중앙프라자 103호,031-906-9942
637,식사,경기,고양시,일산동구 식사동 1531,031-932-5557
638,중산,경기,고양시,일산동구 중산동 1667-3,031-976-9989
639,풍동,경기,고양시,일산동구 풍동 1273-5,031-901-1993
640,호수,경기,고양시,일산동구 백석동 1414-15,031-903-5014
641,구일산,경기,고양시,일산서구 일산동 967-6,031-922-5589
642,대화,경기,고양시,일산서구 대화동 2126-2 (동남빌딩 101호),031-919-9981
643,주엽,경기,고양시,일산서구 주엽2동 138 애비뉴상가 1층 1068호,031-911-9985
644,킨텍스,경기,고양시,일산서구 대화동 2606,031-961-6555
645,탄현,경기,고양시,일산서구 탄현동 1562-5,031-919-9980
646,과천1호,경기,과천시,원문동 4 레미안 슈르 A상가(4번지)동 제1층 1023호,02 -503-9952
647,과천역,경기,과천시,부림동 49,02 -3679-1991
648,광명1호,경기,광명시,광명동 158-1015,02 -2615-9114
649,광명역,경기,광명시,"일직동 511-5번지 대호M스퀘어 102호, 103호",02 -897-1991
650,소하1호,경기,광명시,소하동 1240-1,02 -897-2140
651,소하2호,경기,광명시,소하동 1342-1,02 -899-1338
652,철산1호,경기,광명시,철산동 210-1,02 -2060-6761
653,철산2호,경기,광명시,철산동 92-1,02 -2060-7743
654,철산역,경기,광명시,철산동 429,02 -2685-5800
655,하안1호,경기,광명시,"하안동 35-5, 영보빌딩 102호",02 -806-2004
656,곤지암,경기,광주시,곤지암읍 곤지암리 443-9,031-763-1991
657,광주1호,경기,광주시,경안동 154-1,031-765-8292
658,신현,경기,광주시,오포읍 신현리 371-4,031-726-1091
659,양벌,경기,광주시,오포읍 양벌리 290-3,031-768-1992
660,초월,경기,광주시,초월읍 경충대로 1255,031-766-1992
661,태전(경기광주),경기,광주시,태전동 261-14,031-769-1091
662,회덕,경기,광주시,목현동 1-2,031-797-1997
663,갈매,경기,구리시,"갈매동 608-1 101호, 102호",031-575-1995
664,수택,경기,구리시,수택동 433-49,031-569-3999
665,인창,경기,구리시,인창동 344-7,031-568-9992
666,토평,경기,구리시,토평동 999-2,031-562-9995
667,금정역,경기,군포시,산본동 236-2,031-391-1991
668,당동1호,경기,군포시,당동 917-4 103호(중앙프라자),031-399-5225
669,부곡(군포),경기,군포시,부곡동 1120-4,031-462-8292
670,산본1호,경기,군포시,산본동 1151,031-399-9992
671,산본사거리,경기,군포시,산본동 1060 산본타운 2층,031-391-4484
672,산본역,경기,군포시,산본동 1132-2,031-397-1991
673,호계3호,경기,군포시,당정동 2-3,031-452-9936~7
674,구래,경기,김포시,구래동 6883-1,031-985-2991
675,북변,경기,김포시,감정동 529-3,031-981-1137
676,사우,경기,김포시,사우동 998,031-997-9289
677,양곡,경기,김포시,양촌읍 양곡리 1302-2,031-998-1990
678,운양,경기,김포시,운양동 1297-6 승문리앤포레 1차 1층,031-981-1997
679,장기1호,경기,김포시,장기동 1911-4,031-998-9992
680,통진1호,경기,김포시,통진읍 서암리 758-79,031-989-4545
681,풍무,경기,김포시,풍무동 191-2,031-985-0779
682,다산신도시1호,경기,남양주시,다산동 산3006-2,031-551-1991
683,다산신도시2호,경기,남양주시,다산동 6030-2,031-567-9253
684,덕소1호,경기,남양주시,와부읍 덕소리 141-91,031-577-8080
685,도농1호,경기,남양주시,다산동 608,031-568-9289
686,마석,경기,남양주시,화도읍 마석우리 384-8,031-559-9266
687,별내2호,경기,남양주시,별내동 846-7,031-572-1991
688,별내역,경기,남양주시,별내동 1006-1,031-527-1998
689,오남,경기,남양주시,오남읍 오남리 205-19,031-574-9981
690,진건,경기,남양주시,진건읍 사능리 353-4,031-528-9994
691,진접장현리,경기,남양주시,진접읍 장현리 672-1,031-571-2772
692,진접지구,경기,남양주시,진접읍 금곡리 1041-1,031-527-0401
693,창현,경기,남양주시,화도읍 창현리 731-3,031-559-9911
694,퇴계원,경기,남양주시,퇴계원면 퇴계원리 290-14,031-573-9952
695,평내,경기,남양주시,평내동 582-5,031-593-9929
696,호평,경기,남양주시,호평동 656-1,031-511-7892
697,생연,경기,동두천시,생연동 689-28,031-861-1992
698,송내(동두천),경기,동두천시,지행동 694 예일 복합타워 114호,031-863-7797
699,괴안,경기,부천시,소사구 괴안동 39-2,032-344-9291
700,송내(부천),경기,부천시,소사구 송내1동 366-13,032-653-9999
701,심곡1호,경기,부천시,소사구 심곡본동 678-17,"032-611-9239,611-9278"
702,고강1호,경기,부천시,오정구 고강1동 305-4,032-675-8228
703,원종도당,경기,부천시,오정구 원종1동 281-15,032-675-9492~3
704,복사골,경기,부천시,원미구 중동 716-4,032-264-4343
705,상동1호,경기,부천시,원미구 상2동 546-6 110호,032-224-9292
706,상동역,경기,부천시,원미구 상동 523-3 대동프라자 1층 107호,032-328-1771
707,송내로데오,경기,부천시,원미구 상동 400-2,032-324-3020
708,신중동,경기,부천시,원미구 중동 1147-1,032-327-9959
709,역곡2동,경기,부천시,원미구 역곡동 48-5,032-344-9220
710,중동2호,경기,부천시,원미구 중4동 1033-3,032-328-1600
711,중동꿈마을,경기,부천시,원미구 심곡동 93-1,032-611-0920
712,동판교,경기,성남시,분당구 삼평동 664,031-8061-0771
713,무지개마을,경기,성남시,분당구 구미동 212-2,031-713-9971
714,미금,경기,성남시,분당구 구미동 50-2,031-717-8884
715,분당효자,경기,성남시,분당구 서현동 333-1,031-702-0203
716,서판교,경기,성남시,분당구 판교동 612-3,031-702-1990
717,서현,경기,성남시,"분당구 서현동 89-7, 삼성한신근린상가",031-702-5757
718,수내1호,경기,성남시,분당구 수내동 32 양지마을청구아파트,031-712-1991
719,아름마을,경기,성남시,"분당구 야탑동 533-8, 미라보상가 1층 7호",031-701-9972
720,야탑1호,경기,성남시,분당구 야탑동 272-4,031-709-9960
721,야탑역,경기,성남시,분당구 야탑동 376-13,031-709-0991
722,정자,경기,성남시,분당구 정자동 17-5,031-718-5436
723,고등,경기,성남시,수정구 고등동 595-11,031-754-1992
724,성남위례,경기,성남시,수정구 창곡동 547-8,031-759-1992
725,수진1호,경기,성남시,수정구 수진동 88번지 102호,031-752-9999
726,신흥1호,경기,성남시,수정구 신흥동 34,031-745-5898
727,태평1동,경기,성남시,수정구 태평동 6147-2,031-757-8787
728,금광1호,경기,성남시,중원구 금광동 2706,031-732-9997
729,모란역,경기,성남시,중원구 성남동 3249,031-753-1991
730,은행1호(성남),경기,성남시,중원구 은행동 663-3,031-745-5494
731,곡반정,경기,수원시,권선구 곡반정동 584-4,031-236-4991
732,권선1호,경기,수원시,권선구 권선동 1260-5,031-232-0292
733,금곡1호,경기,수원시,권선구 금곡동 1088-1,031-295-2339
734,매교,경기,수원시,권선구 세류동 97-5,031-238-3690
735,오목고색,경기,수원시,권선구 오목천동 314-20,031-292-0050
736,탑동(수원),경기,수원시,권선구 서둔동 240-5,031-291-0128
737,호매실,경기,수원시,권선구 금곡동 1137-3,031-292-9252
738,광교1호,경기,수원시,영통구 이의동 1332 CB 4~5호,031-212-1998
739,매탄1호,경기,수원시,영통구 매탄동 1170-4,031-222-3120
740,매탄2호,경기,수원시,영통구 매탄2동 199-69,031-211-2616
741,매탄3호,경기,수원시,영통구 매탄4동 208-21,031-216-5425
742,신동1호,경기,수원시,영통구 신동 935-3,031-203-1155
743,신영통1호,경기,수원시,영통구 망포동 381-2,031-273-7333
744,영통1호,경기,수원시,영통구 영통동 1005-1,031-203-0960
745,영통2호,경기,수원시,영통구 영통동 952-5,031-205-9245
746,연무1호,경기,수원시,장안구 연무동 249-13,031-253-9244
747,영화,경기,수원시,장안구 영화동 425-3,031-252-1991
748,율전1호,경기,수원시,장안구 율전동 298-8,031-292-9898
749,정자1호,경기,수원시,장안구 정자동 41-2,031-245-4599
750,정자2호,경기,수원시,"장안구 천천동 502-6, 1층",031-251-2332
751,조원1호,경기,수원시,장안구 조원동 742-9,031-248-5425
752,파장,경기,수원시,장안구 송죽동 216-1,031-245-9252
753,수원역,경기,수원시,팔달구 고등동 86-4,031-247-1991
754,아주대,경기,수원시,팔달구 우만동 85-3 우만동R타워,031-212-0404
755,우만1호,경기,수원시,팔달구 우만동 481,031-242-9985
756,인계,경기,수원시,팔달구 인계동 1118-12,031-224-1990
757,화서1호,경기,수원시,"팔달구 화서동 703 꽃뫼양지마을(대우아파트) 상가 105, 106호",031-292-5225~6
758,화서2호,경기,수원시,팔달구 화서동 185-3,031-257-9959
759,거모,경기,시흥시,거모동 1757-1,031-491-9202
760,거북섬,경기,시흥시,정왕동 2720-6,031-431-1995
761,능곡,경기,시흥시,능곡동 545,031-318-1991
762,매화,경기,시흥시,매화동 853-3,031-318-9282
763,목감신도시2호,경기,시흥시,조남동 657-2,031-405-8808
764,목감역,경기,시흥시,목감동 410-2,031-414-9832
765,배곧신도시1호,경기,시흥시,"정왕동 2475 에이플러스 115, 116호",031-433-1992
766,배곧신도시2호,경기,시흥시,정왕동 2536,031-497-1147
767,신천1호(시흥),경기,시흥시,신천동 707-50,031-316-9797
768,월곶,경기도,시흥시,월곶동 1015-1,031-318-1000
769,은계,경기,시흥시,은행동 645-5,031-312-1991
770,은행1호(시흥),경기,시흥시,대야동 580-4,031-404-9945
771,장곡,경기,시흥시,"장곡동 823-5, 동서빌딩",031-404-5220
772,장현,경기,시흥시,장현동 516-1,031-317-3173
773,정왕1호,경기,시흥시,정왕동 1593-2,031-432-5001
774,정왕2호,경기,시흥시,정왕동 1859-3,031-432-5844
775,정왕3호,경기,시흥시,정왕동 1728-12,031-488-9677
776,고잔1호,경기,안산시,단원구 고잔동 756-1,031-402-9959
777,고잔2호,경기,안산시,단원구 와동 720-13,031-482-4241
778,선부1호,경기,안산시,단원구 선부동 1070-2,031-414-0277~8
779,선부2호,경기,안산시,단원구 선부동 1142-7,031-484-2233
780,원곡1호,경기,안산시,단원구 원곡동 754-6,031-494-9515~6
781,중앙(안산),경기,안산시,단원구 고잔동 540-7,031-405-1991
782,초지역,경기,안산시,단원구 초지동 592,031-401-4677
783,반월,경기,안산시,상록구 건건동 650-1,031-418-1000
784,본오1호,경기,안산시,상록구 본오동 879-10,031-419-4991
785,본오2호,경기,안산시,상록구 본오동 857-8,031-409-4991
786,부곡(안산),경기,안산시,상록구 부곡동 670-2,031-501-9924
787,사동1호,경기,안산시,상록구 사동 1172,031-438-9200
788,사동2호,경기,안산시,상록구 사동 1418-6,031-502-9935~6
789,월피,경기,안산시,"상록구 월피동 442-26, 1층",031-413-9988
790,일동,경기,안산시,상록구 일동 89-3,031-501-9953~4
791,공도1호,경기,안성시,공도읍 만정리 417-98,031-655-8295
792,안성1호,경기,안성시,연지동 94,031-674-4565
793,안성2호,경기,안성시,인지동 390-35,031-675-8886
794,안성중앙대,경기,안성시,대덕면 내리 678-8,031-676-8919
795,진사리,경기,안성시,공도읍 진사리 20-30,031-653-8882
796,관양,경기,안양시,동안구 관양동 1724-1,031-422-2829
797,비산1호,경기,안양시,동안구 비산동 566-7,031-388-9987
798,평촌1호,경기,안양시,동안구 평촌동 917-9,031-381-5585
799,평촌3호,경기,안양시,동안구 비산동 1059 층 A동 103호,031-382-0555
800,호계1호(안양),경기,안양시,동안구 호계2동 927-2,031-455-9989
801,박달사거리,경기,안양시,만안구 박달동 85-15,031-464-1991
802,석수1호,경기,안양시,만안구 석수1동 177-6,031-473-9922
803,안양1번가,경기,안양시,만안구 안양동 674-241,031-444-1991
804,안양1호,경기,안양시,만안구 안양동 711-317,031-444-9242~3
805,안양2호,경기,안양시,만안구 안양동 473-4,031-443-0064~5
806,고읍1호,경기,양주시,광사동 657,031-845-1212
807,다산신도시1호,경기,남양주시,다산동 산3006-2,031-551-1991
808,다산신도시2호,경기,남양주시,다산동 6030-2,031-567-9253
809,덕계(양주),경기,양주시,덕계동 698-5,031-857-1990
810,덕소1호,경기,남양주시,와부읍 덕소리 141-91,031-577-8080
811,덕정1호,경기,양주시,덕정동 240-27,031-858-7447
812,도농1호,경기,남양주시,다산동 608,031-568-9289
813,마석,경기,남양주시,화도읍 마석우리 384-8,031-559-9266
814,백석(양주),경기,양주시,백석읍 복지리 168-3,031-829-9282
815,별내2호,경기,남양주시,별내동 846-7,031-572-1991
816,별내역,경기,남양주시,별내동 1006-1,031-527-1998
817,오남,경기,남양주시,오남읍 오남리 205-19,031-574-9981
818,옥정,경기,양주시,"옥정동 966-1 (101호, 102호)",031-866-1991
819,진건,경기,남양주시,진건읍 사능리 353-4,031-528-9994
820,진접장현리,경기,남양주시,진접읍 장현리 672-1,031-571-2772
821,진접지구,경기,남양주시,진접읍 금곡리 1041-1,031-527-0401
822,창현,경기,남양주시,화도읍 창현리 731-3,031-559-9911
823,퇴계원,경기,남양주시,퇴계원면 퇴계원리 290-14,031-573-9952
824,평내,경기,남양주시,평내동 582-5,031-593-9929
825,호평,경기,남양주시,호평동 656-1,031-511-7892
826,양평,경기,양평군,양평읍 양근리 183-4,031-775-1481
827,여주1호,경기,여주군,하동 405-4,031-885-1655~6
828,여주대,경기,여주군,여주읍 점봉리,031-885-1990
829,오학,경기,여주군,오학동 산45-7,031-885-1999
830,전곡,경기,연천군,전곡읍 전곡리 302-11,031-833-1991
831,궐동,경기,오산시,궐동 650-1,031-378-2700
832,세마수청,경기,오산시,수청동 618-1,031-372-1994
833,운암2호(오산),경기,오산시,"오산동 919-3, 102호",031-378-9229
834,원동,경기,오산시,오산동 881-7,031-378-2277~8
835,강남대,경기,용인시,기흥구 구갈동 594 강남피아,031-275-1991
836,구갈2지구,경기,용인시,기흥구 구갈동 353-3,031-281-9282
837,구성1호,경기,용인시,기흥구 마북동 370-9,031-283-9936
838,동백1호,경기,용인시,기흥구 동백동 614-5,031-274-0033
839,보라,경기,용인시,기흥구 보라동 581-2,031-281-1992
840,보정,경기,용인시,기흥구 보정동 1204-4,031-261-1991
841,용인서천,경기,용인시,기흥구 농서동 436-3,031-206-1993
842,흥덕,경기,용인시,기흥구 영덕동 994-3,031-215-9253
843,동천1호,경기,용인시,수지구 동천동 941-7,031-889-1991
844,상현1호,경기,용인시,수지구 상현동 3-4,031-276-1566
845,상현역,경기,용인시,수지구 상현동 1160,031-213-1996
846,성복,경기,용인시,수지구 성복동 162-3,031-264-1991
847,수지1지구,경기,용인시,수지구 풍덕천동 29-10,031-265-5568~9
848,수지2지구,경기,용인시,수지구 풍덕천동 697,031-261-2335
849,죽전,경기,용인시,수지구 죽전동 1151,031-265-6222~1
850,남사,경기,용인시,처인구 남사면 아곡리 702,031-338-7999
851,둔전,경기,용인시,처인구 포곡읍 둔전리 400-2,031-333-9245
852,양지,경기,용인시,처인구 양지리 454-2,031-322-1992
853,용인1호,경기,용인시,처인구 김량장동 293-24,031-339-0725
854,용인2호,경기,용인시,처인구 마평동 657-14,031-335-5478
855,용인모현,경기도,용인시,처인구 처인구 모현읍 왕산리 794-20,031-338-1993
856,내손갈뫼,경기,의왕시,내손1동 755-4 명성프라자,031-426-0394~5
857,백운호수,경기,의왕시,학의동 1093-4,031-424-1991
858,오전고천,경기,의왕시,오전동 276-1,031-477-1150~1
859,의왕역,경기,의왕시,장안남북로1길 7,031-461-6600
860,인덕원,경기,의왕시,포일동 662,031-422-9114
861,포일내손,경기,의왕시,내손동 669-4,031-462-1991
862,금오,경기,의정부시,금오동 473-4,031-853-0092
863,녹양,경기,의정부시,가능동 92-51,031-829-9989
864,민락(의정부),경기,의정부시,민락동 834-3,031-872-1991
865,민락2호,경기,의정부시,민락동 902-1,031-852-1995
866,신곡,경기,의정부시,신곡동 484,031-821-7795~6
867,신곡2호,경기,의정부시,신곡동 703-9,031-855-9992
868,용현1호,경기,의정부시,용현동 18-15,031-853-9981~2
869,의정부역,경기,의정부시,의정부동 140-3 미래프라자 1층,031-855-1992
870,장암,경기,의정부시,신곡동 362-4,031-840-9290
871,호원1호,경기,의정부시,호원동 466-15,031-826-0468
872,회룡역,경기,의정부시,호원동 426,031-826-1992
873,이천1호,경기,이천시,영창로 242,031-635-9014
874,이천관고,경기,이천시,관고동 504-6,031-631-1991
875,이천마장,경기,이천시,마장면 오천리 444-1,031-633-1991
876,이천하이닉스,경기,이천시,부발읍 아미리 678-11,031-637-3392
877,증포,경기,이천시,증포동 177-21,031-637-8292
878,가람마을,경기,파주시,와동동 1557-1,031-946-4472
879,교하신도시,경기,파주시,다율동 1001-6,031-945-9285
880,금촌1호,경기,파주시,금촌동 51-8,031-941-4043
881,금촌로데오,경기,파주시,금촌동 986-2,031-946-9222
882,문산,경기,파주시,문산읍 방촌로 1729,031-953-5848
883,봉일천,경기,파주시,조리읍 봉일천리 142-3,031-944-8279
884,산내마을,경기,파주시,목동동 937,031-945-0092
885,운정1호,경기,파주시,동패동 1758,031-944-2228
886,갈곶고현,경기,평택시,갈곶리 239-48,031-8043-9294
887,고덕1호(평택),경기,평택시,고덕면 여염리 4434-2,031-666-6250
888,동삭1호,경기,평택시,동삭동 704-4,031-655-1991
889,비전1호,경기,평택시,비전동 829-1,031-658-1255
890,비전2호,경기,평택시,비전동 790-3,031-618-3678
891,세교,경기,평택시,세교동 181-8,031-651-9982
892,소사벌,경기,평택시,"비전동 1015 엘도라도 시티 104호, 105호",031-655-3355
893,송탄1호,경기,평택시,이충동 664-4,031-667-7771
894,송탄2호,경기,평택시,지산동 714-11,031-668-9949
895,안중1호,경기,평택시,안중읍 현화리 47,031-682-1714
896,청북,경기,평택시,청북읍 옥길리 1158-3,031-684-9991
897,팽성1호,경기,평택시,팽성읍 안정리 20-31,031-691-3424
898,포승1호,경기,평택시,도곡리 1142-16,031-684-5552
899,송우,경기,포천시,소흘읍 송우리 729-3 파크프라자 1층,031-542-9113
900,포천,경기,포천시,신읍동 47-10,031-531-9982~3
901,덕풍1호,경기,하남시,덕풍동 309-64,031-792-8288
902,미사1호,경기,하남시,망월동 1004-1,031-796-7887
903,미사역,경기도,하남시,망월동 1098-3,031-793-1333
904,신장1호,경기,하남시,신장동 447-28,031-791-9292
905,신장2호,경기,하남시,천현동 40-13,031-792-1992
906,풍산지구,경기,하남시,덕풍동 809,031-791-1992
907,하남감일,경기,하남시,감이동 525-3,02 -470-2021
908,남양1호(화성),경기,화성시,남양읍 남양리 2073-6,031-356-9285
909,동탄1능동,경기,화성시,반송동 70-4,031-613-9291
910,동탄1호,경기,화성시,반송동 42-6,031-613-9294
911,동탄2 영천,경기,화성시,영천동 701-1,031-372-1991
912,동탄2목동,경기,화성시,목동 454-5,031-374-0601
913,동탄2산척,경기,화성시,산척동 산16,031-372-9001
914,동탄2청계,경기,화성시,청계동 536,031-375-0882
915,동탄2호,경기,화성시,반송동 217-6,031-8015-1992
916,동탄2호수공원,경기도,화성시,송동 709-1,031-376-4464
917,동탄테크노밸리,경기,화성시,영천동 797-1,031-374-5525
918,발안1호,경기,화성시,향남면 행정리 426-11,031-354-9559
919,병점1호,경기,화성시,"병점동 379-10 병점프라자 109호, 110호",031-239-1991
920,병점2호,경기,화성시,진안동 914-1,031-224-1991
921,봉담1호,경기,화성시,상리 26-8,031-278-9277
922,송산그린시티,경기,화성시,새솔동,031-355-5281
923,와우리,경기,화성시,기안동 338-4,031-223-9272
924,향남2지구,경기,화성시,향남읍 하길리 1466,031-8059-5432
925,화산안녕,경기,화성시,송산동 158-8,031-222-1289
926,경포,강원,강릉시,안현동 861-8,033-646-7282
927,교동1호(강릉),강원,강릉시,교동 1840-1,033-642-9958
928,내곡회산,강원,강릉시,내곡동 428-1,033-655-1355
929,노암,강원,강릉시,노암동 708-1,033-644-5582
930,성덕,강원,강릉시,입암동 498-13,033-653-9285
931,유천,강원,강릉시,홍제동 1019-2,033-641-9950
932,주문진,강원,강릉시,주문진읍 교항리 119-11,033-661-3505
933,포남,강원,강릉시,포남동 1157-8,033-647-2563
934,고성(강원),강원,고성군,간성읍 하리 18-1,033-681-9995~6
935,봉포,강원,고성군,토성면 봉포리 166-21,033-636-1991
936,묵호,강원,동해시,부곡동 74-5,033-532-1991
937,천곡,강원,동해시,천곡동 872,033-532-9296~7
938,청운,강원,동해시,쇄운동 84-5,033-522-0556~7
939,삼척,강원,삼척시,남양동 17-2,033-575-0047~8
940,교동(속초),강원,속초시,교동 974-2,033-637-0085
941,동명,강원,속초시,동명동 1-18,033-632-1991
942,조양,강원,속초시,조양동 1520-10,033-635-2806
943,양구,강원,양구군,양구읍 상리 227-105,033-481-4492
944,양양,강원,양양군,양양읍 남문리 126-1,033-673-2460
945,하조대,강원,양양군,현북면 하광정리 361-7,033-673-1667
946,영월,강원,영월군,영월읍 하송리 178-2,033-375-0888
947,개운,강원,원주시,개운동 395-23,"033-761-9959,762-2003"
948,늘품,강원,원주시,반곡동 1767-54,033-766-1991
949,단계,강원,원주시,단계동 838-4,033-743-1099
950,단구,강원,원주시,단구동 1631-2,033-762-3995
951,명륜(원주),강원,원주시,명륜동 539,033-765-9922
952,무실,강원,원주시,무실동 1664-3,033-744-9999
953,문막,강원,원주시,문막읍 건등리 1705-3,033-748-2255
954,우산,강원,원주시,우산동 818,"033-743-9985,9927"
955,원주기업도시,강원,원주시,지정면 가곡리 1348-7,033-732-1991
956,원주봉화,강원,원주시,단계동 1173-8,033-744-9595
957,일산,강원,원주시,원동 278-7,"033-761-9225,9975"
958,태장,강원,원주시,태장동 북원로 2716-1,033-731-9945
959,혁신(원주),강원,원주시,반곡동 1880-7,033-748-9993
960,흥업,강원,원주시,흥업면 흥업리 585-8,033-761-8778
961,원통,강원,인제군,북면 원통리 645-32,033-463-1999
962,인제,강원,인제군,인제읍 인제로 189,033-463-7900
963,사북고한,강원,정선군,사북읍 사북리 344-56,"033-591-9282,8555"
964,석사,강원,춘천시,석사동 748-18(33통405),033-263-6262
965,신사우동,강원,춘천시,우두동 1052-29,033-244-9505
966,장학,강원,춘천시,동면 장학리 1003-1,033-243-1999
967,춘천교대,강원,춘천시,동내면 거두리 912-4,033-261-6886
968,춘천시청,강원,춘천시,소양로 3가 181-9,033-254-1991
969,퇴계2호,강원,춘천시,퇴계동 87,033-264-8833
970,효자(춘천),강원,춘천시,효자동 545-3,033-252-9949
971,후평1호,강원,춘천시,후평동 836-1,033-244-9789
972,후평사거리,강원,춘천시,후평1동 693-4,033-251-4593~4
973,태백1호,강원,태백시,상장동 87-36,033-552-4999
974,대관령,강원,평창군,횡계리 354-8,033-333-1991
975,진부,강원,평창군,진부면 하진부리 152-23,033-336-1991
976,휘닉스봉평,강원,평창군,봉평면 무이리 709,033-333-9944
977,홍천,강원,홍천군,홍천읍 신장대리 8-9,033-435-9996
978,사창,강원,화천군,사내면 사창리 457-12,033-441-1991
979,화천,강원,화천군,화천읍 하리 44-46,033-442-9995~6
980,횡성,강원,횡성군,횡성읍 읍하리 107-48,033-344-1030
981,단양,충북,단양군,단양읍 도전리 523,043-421-1997
982,보은,충북,보은군,보은읍 삼산리 153-2,043-542-0036
983,충북옥천,충북,옥천군,옥천읍 장야리 289,043-938-9810
984,금왕,충북,음성군,금왕군 무극리 629,043-883-8292
985,대소,충북,음성군,대소면 태생리 539-170,043-883-7272
986,음성,충북,음성군,음성읍 읍내리 354-3,043-873-9292
987,음성혁신도시,충북,음성군,맹동면 두성리 1251,043-877-9992
988,장호원감곡,충북,음성군,감곡면 왕장리 523-8,043-883-9277
989,강제,충북,제천시,강제동 832,043-653-1991
990,명동,충북,제천시,제천시 하소동 56-7,043-648-9983
991,신백,충북,제천시,신백동 214-7,043-652-9912~3
992,왕암,충북,제천시,왕암동 798,043-648-9922
993,장락,충북,제천시,장락동 542-7,043-642-9901~2
994,청전,충북,제천시,의림동 7-26,043-652-0097
995,증평,충북,증평군,증평읍 초중리 8-1,043-838-2245
996,광혜원,충북,진천군,광혜원면 광혜원리 503-7,043-535-5292
997,덕산,충북,진천군,덕산읍 용몽리 85,043-533-1992
998,진천(충북),충북,진천군,진천읍 남산8길 10-3,043-534-9024
999,오창산업단지,충북,청원군,오창읍 주성리 602,043-217-1990
1000,청주옥산,충북,청원군,옥산면 가락리 산 68-8,043-274-1992
1001,금천광장,충북,청주시,상당구 용담동 395,043-292-8383
1002,동남지구,충북,청주시,상당구 용암동 3034,043-288-1991
1003,용암1호,충북,청주시,상당구 용암동 2574,043-295-1999
1004,용암2호,충북,청주시,상당구 용암동 1780,043-293-1991
1005,우암동,충북,청주시,상당구 우암동 123-81,043-252-9944
1006,분평,충북,청주시,서원구 분평동 1234,"043-298-4414,4415"
1007,가경2호,충북,청주시,흥덕구 개신동 691,043-233-9949
1008,강서,충북,청주시,흥덕구 가경동 1849,043-233-1993
1009,복대1호,충북,청주시,흥덕구 복대동 1652,043-273-9989
1010,봉명1호,충북,청주시,흥덕구 봉명동 2844-3,"043-272-9939,9989"
1011,사직1호(청주),충북,청주시,흥덕구 사직2동 595-12,043-262-0507~6
1012,산남성화,충북,청주시,흥덕구 성화동 886번지 101호,043-239-9942
1013,오송,충북,청주시,흥덕구 오송읍 호송읍 만수리 521,043-236-1992
1014,운천신봉,충북,청주시,흥덕구 운천동 1366,043-265-6555
1015,하복대,충북,청주시,흥덕구 복대동 2960,043-236-9994
1016,오창1호,충북,청주시,청원구 오창읍 각리 652-7,043-217-9982
1017,갱고개,충북,충주시,교현동 442-6,043-842-9929
1018,봉방문화교현,충북,충주시,교현동 634-17,043-857-9982~3
1019,서충주기업도시,충북,충주시,"중앙탑면 용전리 664 (107호, 108호)",043-853-1992
1020,성내용산,충북,충주시,용산동 1650-2,043-844-2626~5
1021,연수,충북,충주시,연수동 1610,043-853-3533
1022,계룡대,충남,계룡시,엄사면 엄사리 253-1,042-841-9902~3
1023,신관,충남,공주시,신관동 24-25,041-881-5599
1024,옥룡,충남,공주시,옥룡동 308-1,041-856-9892
1025,금산(충남),충남,금산군,금산읍 상리 47-10,041-751-9966
1026,연무,충남,논산시,연무읍 안심리 76-64,041-742-1992
1027,취암,충남,논산시,내동 628,041-736-4966
1028,기지시,충남,당진시,반촌리 861-20,041-356-1992
1029,신평,충남,당진시,신평면 거산리 13-4번지 1층,041-362-4477
1030,읍내(당진),충남,당진시,읍내동 850,041-357-9986~7
1031,채운,충남,당진시,읍내동 1541,041-355-9995
1032,합덕,충남,당진시,합덕읍 운산리 266-2,041-362-9982~3
1033,동대,충남,보령시,동대동 1766,041-936-9908~9
1034,죽정,충남,보령시,죽정동 668-14,041-935-1992
1035,부여,충남,부여군,부여읍 관북리 133-5,041-832-1992
1036,대산,충남,서산시,대산읍 산리 129-5,041-667-1992
1037,동문,충남,서산시,동문동 406-2,041-668-7272
1038,서산테크노,충남,서산시,오사리 1666,041-665-1992
1039,석림,충남,서산시,예천동 1287-5,041-662-3302
1040,읍내(서산),충남,서산시,읍내동 759-13,041-668-8882~3
1041,서천,충남,서천군,군사리 718-11,041-953-6000
1042,권곡,충남,아산시,권곡동 549-26,041-549-7745
1043,배미,충남,아산시,배미동 239-17,041-547-1007~8
1044,배방1호,충남,아산시,배방읍 공수리 1639,041-533-9912~3
1045,아산테크노,충남,아산시,둔포면 석곡리 1704,041-542-1997
1046,온천,충남,아산시,온천동 1310,041-534-7282
1047,용화,충남,아산시,용화동 714,041-549-9008
1048,장재,충남,아산시,배방읍 장재리 1531,041-531-1992
1049,탕정지중해,충남,아산시,명암리 943-1,041-532-1995
1050,예산,충남,예산군,예산읍 산성리 709-4,041-334-8292
1051,목천,충남,천안시,동남구 목천읍 신계리 134-18,041-569-1991
1052,봉명다가,충남,천안시,동남구 다가동 373-6,041-579-9288
1053,신방1호,충남,천안시,동남구 신방동 785-32,041-575-3366
1054,신방통정,충남,천안시,동남구 신방동 1538,041-579-8892
1055,신부1호,충남,천안시,동남구 신부동 728,041-558-9006~7
1056,원성,충남,천안시,동남구 원성2동 518-4,041-621-9927
1057,청수,충남,천안시,동남구 청당동 513,041-621-3321
1058,두정,충남,천안시,서북구 성정2동 1211,041-621-9282
1059,백석(천안),충남,천안시,서북구 백석동 910번지 주공아파트상가 103호,041-553-5592
1060,불당,충남,천안시,서북구 불당동 1630,041-566-1991
1061,성거,충남,천안시,서북구 성거읍 저리 65-1,041-556-9595
1062,성성,충남,천안시,서북구 성성동 656,041-554-1991
1063,성정,충남,천안시,서북구 성정동 149-4,041-578-4111~2
1064,성환1호,충남,천안시,서북구 성환읍 매주리 325-5 외 1,041-588-3392
1065,직산1호,충남,천안시,서북구 직산읍 삼은리 365,041-585-2580~1
1066,차암,충남,천안시,서북구 차암동 514,041-569-1992
1067,청양,충남,청양군,청양읍 읍내리 284-32,041-942-1992
1068,태안,충남,태안군,태안읍 동문리 319-7,041-672-0246
1069,내포1호,충남,홍성군,홍북면 신경리 1181번지 승우빌딩 107호,041-631-8580
1070,오관,충남,홍성군,홍성읍 대교리 577,041-632-6364~5
1071,고창,전북,고창군,고창읍 교촌리 483,063-562-2000
1072,구암조촌,전북,군산시,조촌동 2-21,063-445-8292
1073,군산대,전북,군산시,미룡동 867-2,063-468-9842~3
1074,나운1호,전북,군산시,나운동 834-7,063-468-5545
1075,미원,전북,군산시,대명동 384-10,063-446-1992
1076,미장수송,전북,군산시,수송동 841-5,063-462-1994
1077,소룡산북,전북,군산시,소룡동 1545-5번지,063-451-1991
1078,지곡,전북,군산시,지곡동 495-1,063-465-1993
1079,김제,전북,김제시,신풍동 594-4번지,063-548-9999
1080,남원,전북,남원시,도통동 387-12,063-631-7000
1081,무주,전북,무주군,무주읍 읍내리 962,063-324-2231
1082,무주구천,전북,무주군,설천면 삼공리 364-4,063-322-1997
1083,변산격포,전북,부안군,변산면 격포리 260-159,063-581-1112
1084,부안,전북,부안군,부안읍 봉덕리 826-1,063-584-1661
1085,순창,전북,순창군,순창읍 순화리 282-6,063-653-5995
1086,봉동,전북,완주군,봉동읍 둔산리 905-7,063-261-5592
1087,삼례우석대,전북,완주군,삼례읍 후정리 13-8,063-291-1599
1088,혁신(전북),전북,완주군,이서면 갈산리 664-10,063-214-1991
1089,동산,전북,익산시,마동 344-5,063-843-3100
1090,모현,전북,익산시,모현동1가 857,063-837-1991
1091,부송,전북,익산시,부송동 710-5,"063-831-1811,1822"
1092,영등1호,전북,익산시,영등동 765-4,063-833-1664
1093,영등2호,전북,익산시,영등동 843-5,063-836-0078
1094,원광대,전북,익산시,"신동 764-4 시즈퍼스트 상가112호, 113호",063-857-1991
1095,함열,전북,익산시,함열읍 와리 610-3,063-722-1991
1096,임실,전북,임실군,임실읍 이도리 294,063-643-9200
1097,장수,전북,장수군,장수읍 장수리 443-40,063-351-1999
1098,동산조촌,전북,전주시,덕진구 반월동 230-6,063-212-9282
1099,만성,전북,전주시,덕진구 만성동 1365-6,063-214-1993
1100,솔내,전북,전주시,덕진구 송천동1가 405-1,063-244-1991
1101,송천,전북,전주시,덕진구 송천동2가 179-116,063-252-5552
1102,아중,전북,전주시,덕진구 인후동1가 834-4,063-242-1663~4
1103,에코시티,전북,전주시,덕진구 송천동2가 1298,063-909-9111
1104,전북대,전북,전주시,덕진구 덕진동1가 1314-201,063-254-2033
1105,하가덕진,전북,전주시,덕진구 덕진동2가 670-1,063-278-1991
1106,호성,전북,전주시,덕진구 호성동1가 757-26,063-245-9293~4
1107,삼천1호,전북,전주시,완산구 삼천동1가 621,063-227-9979
1108,서곡효자,전북,전주시,완산구 효자동3가 1609-16,063-236-1992
1109,서신,전북,전주시,완산구 서신동 938-5,"063-278-0892,0876"
1110,신시가지,전북,전주시,완산구 효자동2가 1327-1,063-229-9252
1111,안행,전북,전주시,완산구 효자동1가 202-1,063-226-1994
1112,중앙(전주),전북,전주시,완산구 고사동 470-3,063-282-9123
1113,중화산,전북,전주시,완산구 중화산동2가 777-6,063-228-5060
1114,평화1호,전북,전주시,완산구 평화동2가 226,063-229-3334~5
1115,효자(전주),전북,전주시,완산구 효자동1가 652,063-229-2992~3
1116,효천,전북,전주시,완산구 삼천동2가 759-1,063-237-0991
1117,상동,전북,정읍시,시기동 170-4,063-535-9999
1118,수성(정읍),전북,정읍시,수성동 954-13,063-533-9999
1119,진안,전북,진안군,진안읍 군상리 286-1,063-432-1992
1120,강진,전남,강진군,강진읍 남성리 5-4,061-434-8599
1121,고흥,전남,고흥군,고흥읍 남계리 439-3,061-833-1110
1122,광양읍1호,전남,광양시,광양읍 칠성리 947-3,061-761-9985
1123,광양읍2호,전남,광양시,광양읍 용강리 857-5번지,061-795-1991
1124,중마1호,전남,광양시,마동 1037-4,061-791-9984
1125,중마2호,전남,광양시,중동 1654-3,061-795-9962
1126,구례,전남,구례군,구례읍 봉남리 11-9,061-783-9995
1127,나주,전남,나주시,대호동 1040-7,061-332-1369
1128,남평,전남,나주시,남평읍 동사리 359-3,061-331-3999
1129,빛가람1호,전남,나주시,빛가람동 190-3,061-336-5999
1130,담양,전남,담양군,담양읍 백동리 247-7,061-383-9599
1131,비파,전남,목포시,상동 851,061-282-7979
1132,삼학,전남,목포시,산정동 1284,061-245-1880
1133,상동석현,전남,목포시,석현동 1173-2,061-277-5539
1134,옥암,전남,목포시,옥암동 1248-2,061-980-9292
1135,용해,전남,목포시,연산동 1930-4,061-274-9989
1136,원산,전남,목포시,산정동 1713-11,061-276-5582
1137,하당,전남,목포시,상동 1116-8번지,061-284-0070
1138,남악,전남,무안군,"삼향읍 남악리 1577 골든스위트 119, 120호",061-287-9959
1139,무안읍,전남,무안군,무안읍 성남리 813-45,061-454-1997
1140,보성,전남,보성군,보성읍 보성리 831-19,061-852-9942
1141,금당1호,전남,순천시,조례동 1612번지 1-4호,"061-721-9990,9958"
1142,남부(순천),전남,순천시,풍덕동 1265-5,061-743-9997
1143,순천대점,전남,순천시,석현동 80-5,061-755-9985~4
1144,신대,전남,순천시,해룡면 신대리 1977-8,061-723-3123
1145,연향,전남,순천시,연향동 1351-1,061-724-9912
1146,용당서면,전남,순천시,용당동 348-9,061-755-1992
1147,조례,전남,순천시,조례1동 1687-16,061-725-9945~6
1148,팔마,전남,순천시,연향동 1678-1,061-721-4994
1149,국동,전남,여수시,신월동 96-1,061-642-9924~5
1150,덕충,전남,여수시,덕충동 2041,061-662-9595
1151,돌산,전남,여수시,돌산읍 우두리 1095-9,061-644-2127
1152,둔덕,전남,여수시,둔덕동 434-7,061-653-9795
1153,문수,전남,여수시,문수동 124,061-651-7168
1154,신기,전남,여수시,신기동 117-7,061-682-9984~5
1155,안산,전남,여수시,안산동 438-7,061-685-9984
1156,여서,전남,여수시,여서동 227-2,061-654-6727~8
1157,웅천,전남,여수시,웅천동 1694-1 104호,061-692-1999
1158,죽림무선,전남,여수시,소라면 죽림리 1226-3,061-692-1991
1159,영광,전남,영광군,영광읍 신하리 819-8,061-353-9953
1160,삼호,전남,영암군,삼호읍 용앙리 481,061-462-1991
1161,완도,전남,완도군,완도읍 군내리 1237-14,061-552-9595
1162,장흥,전남,장흥군,장흥읍 건산리 736-10,061-863-1997
1163,진도,전남,진도군,진도읍 남동리 779-20,061-542-8882
1164,함평,전남,함평군,함평읍 기각리 1000-8,061-324-6686
1165,해남,전남,해남군,해남읍 구교리 304-3,061-536-9985~6
1166,화순,전남,화순군,화순읍 일심리 755,061-375-9283
1167,경산,경북,경산시,옥산동 758-10(1층),053-815-9058
1168,경산오거리,경북,경산시,중방동 880-1,"053-813-9993,9992"
1169,계양사동,경북,경산시,사동 48,053-817-9209
1170,영대,경북,경산시,압량면 신대리 497,053-812-9928
1171,진량,경북,경산시,진량읍 봉회리 81-3,053-856-8282
1172,하양,경북,경산시,하양읍 금락리 130-18,053-854-8010
1173,동천(경주),경북,경주시,동천동 987-44,054-741-9995~6
1174,성건중앙,경북,경주시,성건동 625-13,054-775-6669
1175,안강,경북,경주시,안강읍 산대리 2400-2,054-763-9959
1176,외동(경주),경북,경주시,입실리 1344-46,054-748-1991
1177,용강(경주),경북,경주시,용강동 1619,054-744-1991
1178,충효,경북,경주시,충효동 3002-1,054-749-9945
1179,황성,경북,경주시,황성동 893-3,054-775-9959
1180,고령,경북,고령군,대가야읍 지산리 3-11,054-954-8995
1181,다산,경북,고령군,다산면 상곡리 162-21,054-955-9259
1182,도량,경북,구미시,도량동 262-1,054-442-0757
1183,문성,경북,구미시,고아읍 문성리 1850,054-453-1009
1184,봉곡,경북,구미시,봉곡동 302-4,054-458-9988
1185,산동,경북,구미시,산동면 신당리 1437,054-471-0030
1186,상모,경북,구미시,상모동 42-7,054-465-3738
1187,선산,경북,구미시,선산읍 동부리 416,054-482-4870
1188,송정(구미),경북,구미시,송정동 38-5 우방타운 206동2호,054-455-5534
1189,신평공단,경북,구미시,신평동 95-4,054-463-9222
1190,옥계,경북,구미시,옥계동 843-1,054-475-6060
1191,원평,경북,구미시,원평동 84-5,054-454-9991
1192,원호,경북,구미시,고아읍 원호리 442-2,054-441-2324
1193,인동,경북,구미시,인의동 341-2,054-471-8282
1194,진평,경북,구미시,진평동 29-5,054-474-7999
1195,형곡,경북,구미시,형곡동 152-4,054-451-1922
1196,김천,경북,김천시,신음동 1301-4,054-431-3110
1197,김천부곡,경북,김천시,부곡동 426-1,054-432-1034
1198,김천혁신,경북,김천시,율곡동 364,054-430-0999
1199,점촌,경북,문경시,모전동 866,054-556-0044
1200,봉화,경북,봉화군,봉화읍 내성리 222-1,054-673-1991
1201,상주,경북,상주시,무양동 213-3,054-532-0380
1202,성주,경북,성주군,성주읍 성산리 2102-4,054-933-9259
1203,금곡(안동),경북,안동시,당북동 311-8,054-841-9295(080-555-9295)
1204,송현오거리,경북,안동시,송현동 260-5,054-859-3988
1205,옥동(안동),경북,안동시,옥동 786-15,054-843-9982
1206,용상,경북,안동시,용상동 1179-188,054-822-5888
1207,영덕,경북,영덕군,영덕읍 덕곡리 162-1,054-734-9982
1208,가흥,경북,영주시,가흥동 1881,054-634-2999
1209,영주,경북,영주시,휴천동 642-362,054-636-3999
1210,중앙(영주),경북,영주시,하망동 422-75,054-637-9901~2
1211,풍기,경북,영주시,풍기읍 성내리 2-4,054-635-5033
1212,영천1호,경북,영천시,망정동 208-21,054-333-0999
1213,완산문외,경북,영천시,문외동 258-6,054-335-3111
1214,경북도청,경북,예천군,호명면 산합리 1408,054-857-9990
1215,북면,경북,울진군,북면 부구리 159-27,054-781-9966
1216,울진,경북,울진군,울진읍 읍내리 576-1,054-781- 5995
1217,의성,경북,의성군,의성읍 후죽리 470-6,054-832-1677
1218,청도,경북,청도군,청도읍 고수리 503,"054-372-9912,9919"
1219,석적,경북,칠곡군,석적읍 중리 203-5,054-977-8800
1220,오태북삼,경북,칠곡군,북삼읍 인평리 246-3,"054-973-3655,463-1365"
1221,왜관,경북,칠곡군,왜관읍 왜관리 237-19,054-972-2850
1222,구룡포,경북,포항시,남구 구룡포읍 구룡포리 742-1,054-276-9114
1223,남부(포항),경북,포항시,남구 대도동 124-13,054-282-8444
1224,대해중앙,경북,포항시,남구 대도동 97-4,054-283-9945
1225,도구청림,경북,포항시,남구 동해면 도구리 694-3,054-272-0084
1226,송도,경북,포항시,남구 해도동 25-28,054-272-5525
1227,양학대이,경북,포항시,남구 이동 652-4,054-277-9937
1228,연일,경북,포항시,남구 생지리 157-9,054-285-8533
1229,오천,경북,포항시,남구 오천읍 원리 913-2,054-292-6660
1230,효곡,경북,포항시,남구 효자동 579-1 풍림아이원상가 107호,054-278-8868
1231,교촌Togo화진,경북,포항시,북구 송라면 지경리 337-10,054-262-1991
1232,양덕(포항),경북,포항시,북구 양덕동 1574,054-256-0077
1233,용흥,경북,포항시,북구 용흥동 63-9,054-242-4568
1234,우현,경북,포항시,북구 우현동 산15-6,"054-251-9979,5525"
1235,장성,경북,포항시,북구 장성동 1355-4,"054-256-0999, 253-4333"
1236,죽도,경북,포항시,북구 대흥동 592-2,054-232-9966~7
1237,환호장량,경북,포항시,북구 장성동 1378-3,"054-249-9902,9903"
1238,흥해,경북,포항시,북구 흥해읍 옥성리 403-7,054-261-1366
1239,고현상동,경남,거제시,고현동 406-18,055-637-0344
1240,상문,경남,거제시,상동동 913-2,055-637-1990
1241,수양,경남,거제시,수월동 1120-14,055-632-1992
1242,아주,경남,거제시,아주동 1178-2,055-681-1164
1243,옥포(거제),경남,거제시,옥포동 160-1,055-688-9277~8
1244,장승포,경남,거제시,장승포동 697-2,055-682-1991
1245,장평,경남,거제시,장평동 274,055-635-9982
1246,중곡,경남,거제시,고현동 997,055-633-1992
1247,지세포,경남,거제시,일운면 지세포리 1009-7,055-682-5623
1248,거창1호,경남,거창군,거창읍 상림리 855,055-943-9980
1249,고성(경남),경남,고성군,고성읍 송학리 244-88,055-674-3652~3
1250,구산,경남,김해시,구산동 275-8,055-321-5566
1251,내동,경남,김해시,내동 138-1,055-322-9007
1252,대청,경남,김해시,대청동 61-1,055-312-8585
1253,부원봉황,경남,김해시,부원동 607-3,055-331-2235~6
1254,삼계1호,경남,김해시,삼계동 1479-4,055-339-7772~3
1255,삼계2호,경남,김해시,삼계동 1415-5,055-311-6651
1256,삼방,경남,김해시,삼방동 171-12,055-326-2294
1257,삼정,경남,김해시,삼정동 590-1,055-331-5569
1258,어방,경남,김해시,어방동 523-2,055-321-0101
1259,외동(김해),경남,김해시,외동 1187-12,055-325-4777
1260,율하(김해),경남,김해시,관동동 1106-5,055-323-2388
1261,율하2지구,경남,김해시,장유동 834-8,055-339-4549
1262,장유1호,경남,김해시,무계동 149-18,055-313-9266~7
1263,주촌,경남,김해시,주촌면 천곡리 1381-14,055-323-9821
1264,지내안동,경남,김해시,지내동 67-1,055-339-0999
1265,진영,경남,김해시,진영읍 진영리 1629-2,"055-342-3900,3989"
1266,남해,경남,남해군,남해읍 서변리 160-11,055-864-1999
1267,내일동,경남,밀양시,내이동 1566-6,055-355-3377
1268,삼문상남,경남,밀양시,삼문동 717-11,055-355-9920
1269,동금,경남,사천시,동금동 58-4,055-832-9989
1270,벌용,경남,사천시,벌리동 255-9,055-835-6664
1271,사남,경남,사천시,사남면 월성리 64-3,055-852-1990
1272,사천,경남,사천시,사천읍 수석리 293-23,055-852-0991
1273,산청,경남,산청군,산청읍 옥산리 249,055-973-2002
1274,원지,경남,산청군,신안면 하정리 783-5,055-974-0909
1275,덕계,경남,양산시,덕계동 750,055-910-9995
1276,물금,경남,양산시,물금읍 범어리 2682-10,055-387-9984
1277,삼성,경남,양산시,북정동 885-12,055-366-9289
1278,상북,경남,양산시,상북면 석계리 242-1,"055-375-9595,5824"
1279,서창1호,경남,양산시,삼호동 707-2,"055-363-5757,8292"
1280,석산,경남,양산시,동면 금산리 1422-14,055-384-2992
1281,중앙(양산),경남,양산시,중부동 684-6,055-384-9985
1282,증산(양산),경남,양산시,물금읍 가촌리 1269-3,055-375-8888
1283,통도사,경남,양산시,하북면 순지리 814-5,055-381-7776
1284,평산,경남,양산시,평산동 105-4,055-367-8988
1285,의령,경남,의령군,의령읍 서동리 497-9,055-572-9998
1286,가호,경남,진주시,호탄동 611-3,055-761-0226
1287,금산(진주),경남,진주시,중천리 192-3,055-762-2241~2
1288,상대,경남,진주시,상대동 238-3,055-761-0430
1289,상봉중앙,경남,진주시,중안동 2-11,"055-748-2280,2285"
1290,상평,경남,진주시,상평동 198-43,"055-755-4452,3839"
1291,신안평거,경남,진주시,신안동 439-7,055-747-0884
1292,이현인사,경남,진주시,인사동 145-5,"055-745-9245,7896"
1293,정촌,경남,진주시,정촌면 예하리 1300-14,055-763-1991
1294,초장,경남,진주시,초전동 1704-7,055-753-1991
1295,칠암망경,경남,진주시,칠암동 491-47,055-757-0313
1296,판문평거,경남,진주시,평거동 344-6,055-748-6036~7
1297,하대초전,경남,진주시,하대동 306-38,055-761-5511
1298,혁신(경남 진주),경남,진주시,진주시 충무공동 282-3,055-762-5933
1299,남지,경남,창녕군,남지읍 남지리 994-7,055-536-1993
1300,창녕,경남,창녕군,창녕읍 송현리 238-1,055-533-9280~1
1301,마산현동,경남,창원시,마산합포구 현동 374,055-244-1991
1302,문화중앙,경남,창원시,마산합포구 중앙동1가 1-4,055-243-9245
1303,월영,경남,창원시,마산합포구 해운동 42,055-223-9974
1304,자산교방,경남,창원시,마산합포구 자산동 301-19,055-246-1992
1305,진동,경남,창원시,마산합포구 진동면 진동리 436,055-271-0077
1306,창동산호,경남,창원시,마산합포구 산호동 338-35,055-247-3501~2
1307,내서삼계,경남,창원시,마산회원구 삼계리 35-14,055-231-9982
1308,석전회성,경남,창원시,마산회원구 석전동 264-56,055-255-9945
1309,양덕(창원),경남,창원시,마산회원구 양덕동 61-61,055-295-9997
1310,합성,경남,창원시,마산회원구 합성동 263-36,055-299-9782
1311,호계,경남,창원시,마산회원구 내서읍 호계리 289-45,055-231-2321
1312,회원,경남,창원시,마산회원구 회원2동 669-4,"055-245-9565,9665"
1313,남양(창원),경남,창원시,성산구 가음동 7-2 더원빌딩 104호,055-261-9295
1314,대방,경남,창원시,성산구 성주동 100,055-275-5258
1315,반송(창원),경남,창원시,성산구 반지동 74-3,055-237-9902~3
1316,사파,경남,창원시,성산구 사파동 113-16,055-286-9945~6
1317,상남,경남,창원시,성산구 상남동 34-9,055-266-1818
1318,성주안민,경남,창원시,성산구 성주동 125,055-289-9926
1319,중앙(창원 성산),경남,창원시,성산구 중앙동 100-1,"055-261-9149, 9949"
1320,감계,경남,창원시,의창구 북면 감계리 246-4,055-252-1992
1321,도계명서,경남,창원시,의창구 도계동 396-9,055-276-9945~6
1322,동읍,경남,창원시,의창구 동읍 용잠리 371-2,055-291-8400
1323,무동,경남,창원시,의창구 북면 무동리 145-7,055-292-1992
1324,봉곡사림,경남,창원시,의창구 봉곡동 116-4,055-277-9661
1325,용지호수,경남,창원시,의창구 용호동 73-50,055-274-1099
1326,중동유니시티,경남,창원시,의창구 서상동 666-6,055-295-9292
1327,팔용,경남,창원시,의창구 팔용동 170-9,055-253-9901
1328,남문,경남,창원시,진해구 남문동 1246-4 (골든프라자),055-547-1515
1329,석동덕산,경남,창원시,진해구 석동 139-6,055-543-9992
1330,웅동용원,경남,창원시,진해구 용원동 1212-11,055-551-9989
1331,자은냉천,경남,창원시,진해구 자은동 135-1 (자은빌딩 103호),055-552-9292
1332,중앙(진해),경남,창원시,진해구 여좌동 925-139,055-547-4248
1333,진해신항,경남,창원시,진해구 용원동 1340,055-542-9989
1334,태평,경남,창원시,진해구 수송동 12-14,055-545-9010
1335,풍호,경남,창원시,진해구 풍호동 305-17,055-541-1991
1336,미수봉평,경남,통영시,미수동 22-1번지 운하상가 115호,055-643-8222
1337,북신무전,경남,통영시,무전동 1033-2,055-646-7879
1338,죽림,경남,통영시,광도면 죽림리 1574-57 가동 103호,055-642-9991
1339,하동,경남,하동군,하동읍 읍내리 238,055-884-2110
1340,칠원,경남,함안군,칠원읍 구성리 650-4,055-587-1992
1341,함안,경남,함안군,가야읍 말산리 58-27,055-583-9989
1342,함양,경남,함양군,함양읍 용평리 773-1,055-964-2223
1343,합천,경남,합천군,합천읍 합천리 320-3,055-931-9941
1344,대정,제주,서귀포시,대정읍 하모리 1048-4,064-794-9930
1345,서귀포1호,제주,서귀포시,동흥동 117-6,064-732-9982
1346,서귀포남원,제주,서귀포시,남원읍 남원리 50,064-764-1997
1347,서귀포명동,제주,서귀포시,서귀동 408-3,064-713-9982
1348,서귀포혁신도시,제주,서귀포시,강정동 166-10,064-739-9931
1349,성산일출봉,제주,서귀포시,성산읍 성산리 362-1,064-782-7099
1350,영어교육도시,제주,서귀포시,대정읍 보성리 2476,064-794-7599
1351,중문,제주,서귀포시,중문동 1965-9,064-738-9996
1352,표선,제주,서귀포시,표선리 633-3,064-787-3636
1353,건입,제주,제주시,일도2동 160-9,064-752-8989
1354,노형,제주,제주시,노형동 1055-1,064-749-1991
1355,도두해안도로,제주,제주시,도두1동 2625-4,064-902-3210
1356,삼양화북,제주,제주시,화북1동 1023-2,064-726-4900~1
1357,세화,제주,제주시,구좌읍 평대리 3349-8,064-782-1997
1358,시청(제주),제주,제주시,이도이동 1179-18,064-756-5592
1359,아라,제주,제주시,아라일동 6080,064-753-9991
1360,아라이도,제주,제주시,이도2동 1970-24,064-726-1991
1361,애월해안도로,제주,제주시,애월읍 고내리 1145-1,064-799-1997
1362,외도하귀,제주,제주시,하귀1리 162-4,064-742-1992
1363,용담삼도,제주,제주시,용담이동 628-24,064-744-0991
1364,일도,제주,제주시,일도이동 377-22,064-727-1991
1365,제주1호,제주,제주시,연동 272-30,"064-711-0331,711-0991"
1366,탑동(제주),제주,제주시,삼도이동 1192-22,064-723-9942
1367,한라대,제주,제주시,노형동 716,064-713-1992
1368,한림협재,제주,제주시,한림읍 한림리 1582-8,064-796-9995
1369,함덕,제주,제주시,조천읍 함덕리 1004-41,064-782-1990
